customer_id,customer_name,gender,birth_date,sido,sigungu,signup_date,latitude,longitude
0000001,정서연,M,1972-03-12,경기,수원시 팔달구,2025-09-01,37.264335,127.03021
0000002,안하린,F,1996-08-21,경기,용인시 수지구,2025-09-01,37.331988,127.107048
0000003,서서연,M,1967-01-16,경기,수원시 권선구,2025-09-01,37.253036,126.972776
0000004,이지호,M,1997-08-11,경기,용인시 수지구,2025-09-02,37.309672,127.104529
0000005,한준서,F,1989-05-21,경기,수원시 권선구,2025-09-02,37.259833,126.984068
0000006,강수아,M,1979-02-27,경기,용인시 수지구,2025-09-02,37.353994,127.091382
0000007,윤지훈,M,1965-07-02,경기,용인시 기흥구,2025-09-02,37.282652,127.128875
0000008,박다은,M,1988-04-09,경기,수원시 팔달구,2025-09-02,37.287971,127.021959
0000009,조지호,M,1985-05-13,경기,수원시 영통구,2025-09-03,37.236151,127.0766
0000010,김서윤,M,1989-12-19,경기,용인시 기흥구,2025-09-03,37.298247,127.113129
0000011,김유나,F,1973-09-17,경기,용인시 기흥구,2025-09-03,37.290805,127.126064
0000012,안지아,F,1966-12-06,경기,수원시 영통구,2025-09-03,37.259805,127.039746
0000013,한수아,M,1997-11-04,경기,수원시 팔달구,2025-09-04,37.288424,127.049782
0000014,황채원,M,1981-06-22,경기,용인시 처인구,2025-09-04,37.255988,127.190746
0000015,강유나,F,2003-12-13,경기,수원시 장안구,2025-09-04,37.315304,127.004596
0000016,정도윤,M,1998-02-08,경기,용인시 수지구,2025-09-05,37.342256,127.096582
0000017,조서연,M,1977-08-04,경기,수원시 영통구,2025-09-05,37.266498,127.022954
0000018,송지훈,F,1989-01-03,경기,수원시 장안구,2025-09-05,37.316706,127.027883
0000019,조건우,F,1996-02-11,경기,용인시 수지구,2025-09-05,37.29435,127.094893
0000020,안지우,F,2001-10-24,경기,용인시 수지구,2025-09-05,37.30793,127.128258
0000021,정시우,F,1979-08-10,경기,용인시 처인구,2025-09-06,37.189862,127.192617
0000022,신도윤,M,1976-12-06,경기,수원시 팔달구,2025-09-06,37.299938,127.018133
0000023,황예준,F,1973-05-23,경기,용인시 기흥구,2025-09-06,37.280029,127.094042
0000024,조지아,M,2004-01-16,경기,수원시 장안구,2025-09-06,37.320313,127.004468
0000025,최예준,F,1986-07-19,경기,수원시 영통구,2025-09-07,37.262962,127.069461
0000026,이지우,M,1972-12-18,경기,용인시 기흥구,2025-09-07,37.238126,127.116798
0000027,황도윤,M,2004-02-22,경기,용인시 처인구,2025-09-08,37.22318,127.173312
0000028,조유나,M,2000-08-17,경기,용인시 수지구,2025-09-08,37.317184,127.081355
0000029,한유나,F,1966-08-26,경기,용인시 수지구,2025-09-08,37.307434,127.098015
0000030,정수아,M,1984-04-19,경기,용인시 수지구,2025-09-08,37.34231,127.105018
0000031,송도윤,M,1972-09-02,경기,용인시 처인구,2025-09-08,37.211406,127.191409
0000032,이서연,F,1967-03-31,경기,용인시 기흥구,2025-09-08,37.288102,127.100823
0000033,정지훈,F,1985-03-16,경기,화성시,2025-09-08,37.189626,126.822938
0000034,김지호,M,1973-03-31,경기,수원시 장안구,2025-09-08,37.34299,126.986731
0000035,조지우,F,1988-04-03,경기,수원시 권선구,2025-09-09,37.260751,126.978775
0000036,오현우,M,1981-03-01,경기,용인시 수지구,2025-09-09,37.317298,127.115464
0000037,오시우,M,1969-06-11,경기,화성시,2025-09-09,37.192433,126.840753
0000038,이채원,M,1974-01-01,경기,수원시 영통구,2025-09-09,37.269513,127.066799
0000039,이유나,M,1977-07-31,경기,수원시 영통구,2025-09-09,37.277686,127.024288
0000040,임현우,F,1990-10-21,경기,수원시 팔달구,2025-09-09,37.291362,127.03583
0000041,이다은,F,1967-07-17,경기,수원시 영통구,2025-09-09,37.236056,127.051058
0000042,권서윤,M,1976-05-30,경기,수원시 팔달구,2025-09-09,37.263357,127.03322
0000043,조지훈,F,1977-01-18,경기,수원시 권선구,2025-09-10,37.271087,126.962051
0000044,안지우,F,1987-07-25,경기,수원시 권선구,2025-09-10,37.234817,126.963079
0000045,이서연,M,1998-05-21,경기,수원시 팔달구,2025-09-11,37.293722,127.039759
0000046,서유나,M,1978-07-02,경기,수원시 영통구,2025-09-11,37.245635,127.062797
0000047,윤도윤,M,1975-09-25,경기,수원시 영통구,2025-09-11,37.255116,127.059928
0000048,박하은,M,1986-08-17,경기,화성시,2025-09-11,37.22285,126.838775
0000049,신준서,M,1996-10-11,경기,수원시 영통구,2025-09-11,37.231162,127.037039
0000050,박시우,M,1985-02-28,경기,용인시 수지구,2025-09-12,37.319204,127.132425
0000051,박채원,F,1992-01-28,경기,용인시 기흥구,2025-09-12,37.264259,127.115851
0000052,서주원,F,1978-08-03,경기,용인시 처인구,2025-09-12,37.263106,127.206114
0000053,권지우,F,1965-10-08,경기,수원시 권선구,2025-09-12,37.21045,126.958402
0000054,장지훈,F,2001-01-11,경기,수원시 장안구,2025-09-13,37.311206,127.022864
0000055,강하은,F,1984-03-07,경기,수원시 영통구,2025-09-13,37.255642,127.048945
0000056,홍하린,M,1978-10-18,경기,수원시 영통구,2025-09-13,37.241938,127.05023
0000057,정민준,F,1996-08-04,경기,수원시 팔달구,2025-09-13,37.267861,127.006547
0000058,서하은,F,1991-04-17,경기,수원시 영통구,2025-09-14,37.25583,127.036868
0000059,김유나,M,1981-09-19,경기,수원시 팔달구,2025-09-14,37.286475,127.032501
0000060,조현우,F,1969-09-19,경기,용인시 수지구,2025-09-14,37.322385,127.087293
0000061,김서연,F,1992-06-22,경기,화성시,2025-09-14,37.203364,126.827077
0000062,조건우,M,1978-01-17,경기,수원시 장안구,2025-09-14,37.322746,126.987657
0000063,신건우,F,1988-03-25,경기,용인시 수지구,2025-09-14,37.342837,127.089101
0000064,김건우,M,1994-09-12,경기,용인시 기흥구,2025-09-14,37.281308,127.086496
0000065,오수아,M,1975-10-17,경기,용인시 처인구,2025-09-14,37.245657,127.225652
0000066,권지호,F,1967-06-22,경기,용인시 수지구,2025-09-14,37.291189,127.072936
0000067,장하린,F,1970-01-01,경기,수원시 영통구,2025-09-15,37.262539,127.062512
0000068,윤다은,M,1966-04-30,경기,용인시 기흥구,2025-09-15,37.292024,127.10264
0000069,조수아,F,1965-08-24,경기,용인시 처인구,2025-09-15,37.264067,127.200144
0000070,임준서,F,2000-04-26,경기,용인시 수지구,2025-09-15,37.303382,127.124255
0000071,박다은,F,2002-04-15,경기,용인시 기흥구,2025-09-16,37.270097,127.113457
0000072,윤지호,M,1965-12-08,경기,수원시 영통구,2025-09-16,37.29035,127.050584
0000073,박지우,M,1976-10-25,경기,수원시 영통구,2025-09-16,37.249397,127.031782
0000074,이채원,M,1987-06-10,경기,용인시 수지구,2025-09-16,37.324211,127.094627
0000075,안지아,F,2004-12-08,경기,용인시 기흥구,2025-09-17,37.285701,127.144086
0000076,안민준,M,1970-08-04,경기,수원시 영통구,2025-09-17,37.263269,127.033275
0000077,한수아,F,1989-01-31,경기,용인시 수지구,2025-09-17,37.346834,127.090076
0000078,정예준,F,1978-01-02,경기,수원시 영통구,2025-09-17,37.282191,127.049462
0000079,신다은,F,1991-10-28,경기,수원시 영통구,2025-09-17,37.252332,127.073074
0000080,권도윤,F,2002-10-03,경기,수원시 권선구,2025-09-17,37.249461,127.0027
0000081,류도윤,F,1969-06-09,경기,용인시 기흥구,2025-09-18,37.294304,127.117252
0000082,장준서,M,1978-05-16,경기,수원시 팔달구,2025-09-18,37.298362,127.005632
0000083,김유나,M,1992-11-16,경기,수원시 영통구,2025-09-18,37.237155,127.029259
0000084,윤하린,M,1974-03-18,경기,수원시 영통구,2025-09-18,37.274119,127.053024
0000085,안하린,M,1995-08-06,경기,수원시 권선구,2025-09-19,37.260966,126.959257
0000086,박건우,M,1990-09-18,경기,용인시 기흥구,2025-09-19,37.279762,127.12691
0000087,황유나,M,2000-09-08,경기,수원시 권선구,2025-09-19,37.244714,126.990478
0000088,류지훈,M,1983-06-03,경기,수원시 팔달구,2025-09-19,37.271439,127.029041
0000089,홍지호,M,1978-01-23,경기,수원시 권선구,2025-09-19,37.241876,126.988275
0000090,윤지훈,F,1988-05-30,경기,수원시 권선구,2025-09-19,37.25231,126.973036
0000091,윤서윤,M,1988-04-30,경기,수원시 권선구,2025-09-19,37.25568,126.968001
0000092,서서연,F,1974-07-02,경기,수원시 권선구,2025-09-19,37.264095,126.969149
0000093,최유나,M,1977-03-08,경기,화성시,2025-09-19,37.21864,126.800009
0000094,장수아,M,1983-06-08,경기,용인시 수지구,2025-09-19,37.32681,127.099758
0000095,임시우,M,1971-05-13,경기,수원시 장안구,2025-09-20,37.301921,126.995894
0000096,서도윤,F,1979-02-16,경기,수원시 팔달구,2025-09-20,37.292642,127.011436
0000097,임시우,M,1986-04-05,경기,용인시 처인구,2025-09-20,37.248939,127.227859
0000098,홍시우,F,1989-11-05,경기,용인시 수지구,2025-09-21,37.316076,127.117161
0000099,황현우,M,1995-06-14,경기,수원시 영통구,2025-09-21,37.282212,127.046308
0000100,김도윤,F,1967-11-02,경기,용인시 기흥구,2025-09-21,37.272975,127.119615
0000101,한시우,M,1982-12-27,경기,용인시 수지구,2025-09-21,37.306418,127.120506
0000102,박도윤,M,1986-07-31,경기,수원시 영통구,2025-09-21,37.270298,127.051233
0000103,최도윤,M,1973-04-17,경기,용인시 처인구,2025-09-22,37.212107,127.156765
0000104,최현우,F,1977-07-15,경기,수원시 영통구,2025-09-22,37.288163,127.059371
0000105,안하린,M,1966-06-28,경기,수원시 팔달구,2025-09-22,37.258877,127.027654
0000106,황다은,M,1990-05-24,경기,화성시,2025-09-23,37.209194,126.842511
0000107,송수아,M,1991-11-03,경기,수원시 영통구,2025-09-23,37.25746,127.041326
0000108,홍도윤,F,2002-04-22,경기,화성시,2025-09-23,37.18588,126.875517
0000109,이하린,F,2003-12-09,경기,용인시 기흥구,2025-09-23,37.272122,127.132339
0000110,한시우,F,1997-04-28,경기,수원시 권선구,2025-09-23,37.267703,126.979288
0000111,황하린,F,1974-04-15,경기,수원시 권선구,2025-09-24,37.266469,126.987401
0000112,이하은,F,1976-07-29,경기,수원시 장안구,2025-09-24,37.30272,127.004351
0000113,조하은,M,1995-02-17,경기,용인시 수지구,2025-09-24,37.321955,127.096354
0000114,류현우,F,1979-03-27,경기,화성시,2025-09-24,37.19629,126.826575
0000115,권시우,F,2003-03-08,경기,화성시,2025-09-24,37.216352,126.83585
0000116,정건우,M,1970-03-21,경기,수원시 권선구,2025-09-24,37.26524,126.972136
0000117,신준서,F,1998-04-19,경기,수원시 권선구,2025-09-24,37.27038,126.971727
0000118,김서윤,F,1966-06-09,경기,용인시 기흥구,2025-09-25,37.274003,127.126154
0000119,장유나,F,1998-12-05,경기,수원시 장안구,2025-09-25,37.286721,126.979277
0000120,최지우,M,2000-09-19,경기,용인시 처인구,2025-09-25,37.245457,127.237664
0000121,강서연,F,1993-07-07,경기,수원시 팔달구,2025-09-26,37.279516,127.001993
0000122,홍준서,M,1991-04-19,경기,수원시 권선구,2025-09-26,37.269746,126.963601
0000123,임채원,F,1978-02-11,경기,수원시 장안구,2025-09-26,37.313178,127.019592
0000124,정지호,F,1967-10-24,경기,수원시 팔달구,2025-09-26,37.283227,127.025662
0000125,박지우,M,1976-10-27,경기,수원시 영통구,2025-09-27,37.245892,127.047377
0000126,황도윤,F,1975-11-01,경기,수원시 영통구,2025-09-27,37.259967,127.053616
0000127,서유나,F,1998-07-24,경기,수원시 팔달구,2025-09-28,37.253834,127.027896
0000128,장수아,F,1995-03-07,경기,용인시 기흥구,2025-09-28,37.285401,127.147939
0000129,조민준,F,1979-07-17,경기,수원시 영통구,2025-09-28,37.259467,127.016608
0000130,한수아,M,2004-03-01,경기,수원시 권선구,2025-09-28,37.294567,126.959144
0000131,강유나,F,1994-12-31,경기,수원시 영통구,2025-09-28,37.246665,127.041777
0000132,최유나,F,1995-11-14,경기,용인시 수지구,2025-09-29,37.297281,127.112028
0000133,김채원,M,1967-10-30,경기,화성시,2025-09-29,37.19057,126.819514
0000134,서하린,F,2000-05-26,경기,수원시 영통구,2025-09-29,37.273715,127.065053
0000135,이현우,F,2003-06-25,경기,수원시 장안구,2025-09-29,37.266006,127.024242
0000136,서서윤,M,1981-07-08,경기,수원시 영통구,2025-09-29,37.236139,127.027665
0000137,권지훈,M,1969-08-09,경기,수원시 영통구,2025-09-30,37.255724,127.056126
0000138,윤수아,M,1967-07-01,경기,용인시 기흥구,2025-09-30,37.289983,127.111612
0000139,한예준,M,1995-04-12,경기,용인시 수지구,2025-09-30,37.30946,127.111833
0000140,임준서,M,1989-12-30,경기,용인시 기흥구,2025-09-30,37.293439,127.101148
0000141,송도윤,M,1978-03-29,경기,수원시 팔달구,2025-10-01,37.266607,127.012215
0000142,권서윤,F,1986-03-09,경기,수원시 영통구,2025-10-01,37.257629,127.053353
0000143,권시우,M,1966-07-16,경기,수원시 영통구,2025-10-01,37.270676,127.034559
0000144,장건우,M,1982-10-11,경기,수원시 팔달구,2025-10-01,37.26494,127.033257
0000145,윤준서,M,1979-08-01,경기,수원시 팔달구,2025-10-01,37.287386,127.023343
0000146,정도윤,M,2004-10-31,경기,용인시 수지구,2025-10-01,37.316887,127.085174
0000147,오도윤,M,1975-12-14,경기,수원시 영통구,2025-10-01,37.252265,127.036427
0000148,박지훈,M,1986-01-18,경기,수원시 팔달구,2025-10-01,37.312236,127.023435
0000149,황서윤,M,2001-05-10,경기,수원시 장안구,2025-10-02,37.318329,127.022137
0000150,조수아,M,1994-11-15,경기,화성시,2025-10-02,37.195169,126.80494
0000151,송준서,M,1985-08-02,경기,수원시 영통구,2025-10-02,37.279008,127.040743
0000152,류시우,M,1972-01-20,경기,용인시 기흥구,2025-10-02,37.280421,127.134423
0000153,서주원,M,1976-09-23,경기,수원시 장안구,2025-10-02,37.330229,127.002904
0000154,홍다은,F,1988-08-21,경기,용인시 처인구,2025-10-02,37.240597,127.195849
0000155,최현우,F,1988-06-19,경기,수원시 장안구,2025-10-03,37.292147,127.004279
0000156,최민준,M,1980-03-25,경기,용인시 기흥구,2025-10-03,37.269759,127.07385
0000157,윤도윤,M,2002-09-28,경기,수원시 영통구,2025-10-03,37.255773,127.04968
0000158,홍준서,M,1980-12-04,경기,용인시 수지구,2025-10-03,37.31268,127.10484
0000159,황민준,M,1978-04-17,경기,수원시 영통구,2025-10-03,37.234371,127.040665
0000160,윤유나,M,1977-09-18,경기,수원시 장안구,2025-10-03,37.302789,126.999358
0000161,이지아,F,1979-11-26,경기,용인시 처인구,2025-10-03,37.249433,127.189303
0000162,임민준,M,1996-11-12,경기,용인시 기흥구,2025-10-04,37.296471,127.099748
0000163,한민준,F,2000-05-16,경기,용인시 기흥구,2025-10-04,37.258626,127.106726
0000164,한현우,F,1977-11-25,경기,수원시 장안구,2025-10-04,37.323485,127.021165
0000165,권민준,F,1993-07-13,경기,수원시 장안구,2025-10-04,37.309303,127.017556
0000166,권채원,F,1992-10-05,경기,수원시 팔달구,2025-10-05,37.266953,127.037769
0000167,최수아,F,1966-05-08,경기,수원시 영통구,2025-10-05,37.248383,127.043461
0000168,오서연,F,2001-12-11,경기,용인시 기흥구,2025-10-05,37.311013,127.144206
0000169,강수아,F,2002-02-06,경기,수원시 권선구,2025-10-05,37.236337,127.001548
0000170,정유나,M,1972-06-21,경기,화성시,2025-10-05,37.191982,126.844461
0000171,최하은,F,2004-08-13,경기,수원시 영통구,2025-10-06,37.254206,127.05364
0000172,송유나,F,1971-03-27,경기,수원시 권선구,2025-10-06,37.238306,126.991368
0000173,장준서,F,1979-04-02,경기,용인시 수지구,2025-10-06,37.309053,127.120616
0000174,이예준,F,1978-12-13,경기,수원시 장안구,2025-10-06,37.29891,127.012606
0000175,임예준,M,2001-10-04,경기,수원시 권선구,2025-10-06,37.25609,126.942583
0000176,장수아,M,1975-07-16,경기,용인시 기흥구,2025-10-06,37.28165,127.116502
0000177,송채원,M,1969-05-14,경기,용인시 수지구,2025-10-06,37.290058,127.118413
0000178,류지훈,F,1992-05-14,경기,수원시 영통구,2025-10-07,37.254828,127.052199
0000179,서현우,F,1992-04-16,경기,화성시,2025-10-07,37.201327,126.817131
0000180,송현우,M,1976-01-25,경기,수원시 팔달구,2025-10-07,37.266146,127.022989
0000181,송하린,M,2000-05-20,경기,용인시 수지구,2025-10-07,37.320624,127.091616
0000182,서민준,M,2001-02-02,경기,용인시 기흥구,2025-10-07,37.271645,127.124104
0000183,윤도윤,F,1974-01-06,경기,용인시 수지구,2025-10-08,37.318544,127.106834
0000184,송지우,F,1979-05-17,경기,용인시 기흥구,2025-10-08,37.276016,127.106338
0000185,윤도윤,M,1994-09-20,경기,수원시 팔달구,2025-10-08,37.281056,127.045584
0000186,류수아,F,1974-06-05,경기,용인시 처인구,2025-10-09,37.249983,127.215384
0000187,송다은,M,1996-10-25,경기,용인시 처인구,2025-10-10,37.242031,127.218152
0000188,서다은,M,1988-09-21,경기,용인시 수지구,2025-10-10,37.34913,127.076277
0000189,장도윤,F,1983-07-08,경기,수원시 권선구,2025-10-10,37.2821,126.979753
0000190,홍채원,M,1982-11-19,경기,용인시 기흥구,2025-10-10,37.266881,127.114326
0000191,한도윤,M,1988-08-30,경기,수원시 장안구,2025-10-10,37.306008,127.05368
0000192,임현우,M,1972-05-26,경기,용인시 기흥구,2025-10-10,37.296541,127.103578
0000193,장도윤,F,2001-07-24,경기,용인시 기흥구,2025-10-11,37.276354,127.121448
0000194,김현우,F,1996-06-05,경기,용인시 처인구,2025-10-11,37.255391,127.226642
0000195,이도윤,F,1968-09-14,경기,수원시 영통구,2025-10-11,37.269361,127.022327
0000196,홍하은,F,1997-07-15,경기,용인시 수지구,2025-10-11,37.335971,127.09581
0000197,김서연,M,2003-11-17,경기,화성시,2025-10-11,37.199574,126.822278
0000198,오지우,F,1993-07-21,경기,수원시 권선구,2025-10-11,37.267059,126.945992
0000199,권예준,M,1994-11-03,경기,화성시,2025-10-11,37.200564,126.830907
0000200,황도윤,M,1970-06-27,경기,수원시 팔달구,2025-10-13,37.287621,126.99942
0000201,윤예준,M,1978-03-23,경기,수원시 장안구,2025-10-13,37.307415,127.003826
0000202,홍현우,M,1993-01-10,경기,수원시 장안구,2025-10-13,37.315712,127.01798
0000203,박하린,F,1998-10-02,경기,수원시 권선구,2025-10-13,37.272216,126.956247
0000204,송현우,F,1970-04-22,경기,수원시 장안구,2025-10-13,37.307989,127.002065
0000205,최다은,M,1973-08-01,경기,수원시 영통구,2025-10-14,37.298848,127.035743
0000206,오서윤,F,1978-03-06,경기,용인시 수지구,2025-10-14,37.318207,127.099636
0000207,권민준,M,1984-09-01,경기,수원시 권선구,2025-10-14,37.286694,126.939371
0000208,강채원,F,1988-06-16,경기,화성시,2025-10-14,37.214437,126.816917
0000209,안지훈,M,1986-12-13,경기,용인시 기흥구,2025-10-15,37.267304,127.10008
0000210,임지아,M,1965-09-09,경기,수원시 권선구,2025-10-15,37.251014,126.980672
0000211,조민준,F,1999-06-24,경기,용인시 수지구,2025-10-15,37.319175,127.094583
0000212,박건우,M,1974-01-06,경기,수원시 팔달구,2025-10-15,37.297535,127.021133
0000213,김주원,M,1980-03-14,경기,화성시,2025-10-16,37.181884,126.805934
0000214,윤시우,M,1975-12-22,경기,용인시 기흥구,2025-10-16,37.269351,127.10018
0000215,김지훈,F,1982-08-12,경기,화성시,2025-10-16,37.20452,126.825831
0000216,윤도윤,F,1995-04-25,경기,용인시 기흥구,2025-10-16,37.294624,127.124532
0000217,장건우,M,1975-03-18,경기,수원시 권선구,2025-10-16,37.237423,126.988235
0000218,오시우,F,1980-03-20,경기,용인시 수지구,2025-10-17,37.322103,127.115618
0000219,조다은,F,1999-08-07,경기,수원시 팔달구,2025-10-17,37.27418,126.998729
0000220,신채원,M,1992-01-14,경기,수원시 권선구,2025-10-17,37.265286,126.948763
0000221,오시우,F,1999-10-29,경기,용인시 수지구,2025-10-17,37.313357,127.09409
0000222,최현우,M,1965-04-22,경기,용인시 수지구,2025-10-17,37.322662,127.100717
0000223,정시우,F,1974-08-08,경기,수원시 장안구,2025-10-17,37.332413,127.032375
0000224,김지훈,M,2001-06-21,경기,수원시 영통구,2025-10-17,37.259693,127.045172
0000225,서민준,F,1972-03-01,경기,화성시,2025-10-17,37.24532,126.815819
0000226,신서윤,F,2002-10-30,경기,용인시 수지구,2025-10-18,37.31889,127.130499
0000227,한지호,M,1987-12-03,경기,화성시,2025-10-18,37.211209,126.856437
0000228,정서윤,M,1975-03-08,경기,화성시,2025-10-18,37.226371,126.824951
0000229,홍지아,F,1991-04-06,경기,수원시 영통구,2025-10-19,37.265421,127.032637
0000230,정채원,M,1994-12-05,경기,용인시 처인구,2025-10-19,37.190799,127.185417
0000231,이다은,F,1980-11-12,경기,용인시 기흥구,2025-10-19,37.269748,127.092733
0000232,홍수아,F,1992-05-07,경기,용인시 기흥구,2025-10-19,37.274751,127.126086
0000233,권건우,M,1970-08-12,경기,용인시 수지구,2025-10-19,37.320206,127.09499
0000234,박예준,M,2001-08-21,경기,용인시 처인구,2025-10-19,37.226503,127.196044
0000235,조준서,M,1982-06-26,경기,수원시 영통구,2025-10-19,37.271978,127.035538
0000236,윤지아,F,1996-11-08,경기,용인시 기흥구,2025-10-19,37.284553,127.10536
0000237,안현우,F,1992-10-30,경기,수원시 권선구,2025-10-20,37.250227,126.96906
0000238,송준서,F,1984-01-07,경기,수원시 장안구,2025-10-20,37.293828,127.009811
0000239,윤서윤,F,1981-05-16,경기,화성시,2025-10-20,37.200318,126.835865
0000240,정채원,M,1976-07-29,경기,수원시 권선구,2025-10-21,37.287972,126.956028
0000241,임수아,F,1996-12-31,경기,수원시 영통구,2025-10-21,37.274619,127.04015
0000242,강주원,M,1983-03-23,경기,용인시 수지구,2025-10-21,37.320978,127.097964
0000243,윤서윤,F,1989-11-30,경기,수원시 팔달구,2025-10-21,37.257022,127.013903
0000244,류하린,F,1988-04-20,경기,수원시 권선구,2025-10-21,37.250501,126.993519
0000245,서서윤,M,1987-09-28,경기,용인시 수지구,2025-10-21,37.333928,127.091768
0000246,권도윤,M,1978-06-03,경기,수원시 권선구,2025-10-22,37.235542,126.98862
0000247,조서연,M,1970-06-29,경기,용인시 기흥구,2025-10-22,37.277595,127.122444
0000248,윤수아,F,1991-10-12,경기,수원시 영통구,2025-10-22,37.255873,127.055575
0000249,서수아,F,1989-03-05,경기,용인시 수지구,2025-10-22,37.305699,127.098338
0000250,김다은,F,1989-11-18,경기,수원시 장안구,2025-10-23,37.281364,127.00199
0000251,임채원,M,1966-06-21,경기,용인시 수지구,2025-10-23,37.33061,127.088435
0000252,이준서,M,1994-07-05,경기,수원시 영통구,2025-10-24,37.228341,127.031599
0000253,홍지훈,M,1973-01-15,경기,화성시,2025-10-24,37.218693,126.82156
0000254,윤민준,M,1980-04-11,경기,수원시 권선구,2025-10-24,37.257226,126.980436
0000255,한지훈,F,1976-11-13,경기,수원시 장안구,2025-10-24,37.294069,126.990981
0000256,송시우,F,2000-09-07,경기,수원시 장안구,2025-10-24,37.313051,127.003215
0000257,신지훈,F,2001-10-21,경기,수원시 팔달구,2025-10-24,37.279915,127.028291
0000258,임시우,M,1997-07-20,경기,용인시 수지구,2025-10-25,37.335527,127.08355
0000259,정지훈,M,1993-08-26,경기,용인시 수지구,2025-10-25,37.33423,127.107525
0000260,박채원,F,1996-03-14,경기,수원시 권선구,2025-10-25,37.261339,126.959729
0000261,박지우,F,1968-11-15,경기,수원시 영통구,2025-10-25,37.244544,127.058027
0000262,김지아,F,1976-07-22,경기,화성시,2025-10-25,37.216732,126.823048
0000263,최지호,F,1966-03-26,경기,수원시 영통구,2025-10-26,37.271415,127.035498
0000264,오민준,M,2002-12-07,경기,수원시 영통구,2025-10-26,37.282415,127.030294
0000265,강도윤,M,1978-04-22,경기,수원시 영통구,2025-10-26,37.271357,127.054479
0000266,홍시우,F,2003-11-08,경기,수원시 장안구,2025-10-26,37.312122,126.999978
0000267,송다은,F,1974-12-19,경기,용인시 수지구,2025-10-26,37.325233,127.084008
0000268,황유나,M,1989-08-09,경기,용인시 수지구,2025-10-26,37.334049,127.097796
0000269,강도윤,M,1995-06-02,경기,수원시 권선구,2025-10-26,37.280237,126.964432
0000270,조채원,M,1974-03-31,경기,수원시 권선구,2025-10-27,37.25903,127.004834
0000271,오수아,F,1982-08-16,경기,수원시 영통구,2025-10-27,37.260543,127.0478
0000272,홍건우,F,1997-06-13,경기,수원시 팔달구,2025-10-27,37.263037,126.997553
0000273,이서윤,F,1975-02-24,경기,수원시 장안구,2025-10-28,37.295669,127.015599
0000274,조시우,F,1965-07-30,경기,수원시 영통구,2025-10-28,37.281,127.052298
0000275,안서연,M,1978-10-06,경기,화성시,2025-10-28,37.194983,126.826752
0000276,최예준,M,1986-07-01,경기,수원시 팔달구,2025-10-28,37.296354,127.019769
0000277,강지아,F,1999-05-26,경기,용인시 수지구,2025-10-29,37.320867,127.080872
0000278,홍지아,F,1972-02-27,경기,수원시 장안구,2025-10-29,37.30901,127.011735
0000279,류도윤,M,1969-12-02,경기,수원시 장안구,2025-10-29,37.290433,127.029471
0000280,김시우,M,1975-06-12,경기,수원시 영통구,2025-10-29,37.263889,127.070619
0000281,안다은,M,2003-06-14,경기,용인시 수지구,2025-10-29,37.341814,127.08916
0000282,신하은,F,1973-11-25,경기,용인시 기흥구,2025-10-29,37.265724,127.121641
0000283,홍도윤,M,1976-08-04,경기,수원시 팔달구,2025-10-30,37.259263,127.030721
0000284,정현우,M,1976-02-20,경기,수원시 권선구,2025-10-30,37.278607,126.971397
0000285,강채원,F,1983-01-14,경기,용인시 기흥구,2025-10-31,37.293909,127.106239
0000286,조하은,M,1990-04-27,경기,수원시 팔달구,2025-10-31,37.278061,127.003201
0000287,서하린,F,1965-10-09,경기,용인시 수지구,2025-10-31,37.303748,127.089346
0000288,조주원,M,1984-11-13,경기,용인시 처인구,2025-10-31,37.24295,127.198789
0000289,류지아,M,1977-03-02,경기,수원시 장안구,2025-10-31,37.314378,127.016987
0000290,신건우,M,1970-08-06,경기,수원시 영통구,2025-11-01,37.281204,127.047467
0000291,신준서,M,1995-06-01,경기,화성시,2025-11-01,37.19802,126.85237
0000292,정지우,M,2001-07-03,경기,수원시 장안구,2025-11-01,37.280795,127.023807
0000293,이서연,M,1978-02-20,경기,수원시 팔달구,2025-11-01,37.294646,126.999425
0000294,안지아,M,1986-02-06,경기,용인시 기흥구,2025-11-01,37.265744,127.105866
0000295,최유나,M,1973-05-11,경기,용인시 기흥구,2025-11-01,37.258944,127.126671
0000296,홍다은,M,2002-11-01,경기,수원시 권선구,2025-11-01,37.257482,127.005266
0000297,서다은,M,2003-04-19,경기,용인시 수지구,2025-11-01,37.318604,127.124197
0000298,조주원,M,1980-11-28,경기,수원시 팔달구,2025-11-02,37.297772,127.032043
0000299,한민준,M,1977-01-29,경기,화성시,2025-11-02,37.207956,126.807166
0000300,홍서연,M,1989-03-14,경기,화성시,2025-11-02,37.202016,126.83463
0000301,류현우,M,1997-04-30,경기,용인시 기흥구,2025-11-02,37.284523,127.126066
0000302,김현우,M,1992-05-03,경기,수원시 영통구,2025-11-02,37.263614,127.040456
0000303,안현우,F,1981-01-02,경기,수원시 팔달구,2025-11-02,37.27485,126.990562
0000304,윤현우,M,1981-12-24,경기,화성시,2025-11-02,37.207822,126.817396
0000305,박다은,F,2001-05-18,경기,용인시 수지구,2025-11-02,37.320836,127.115834
0000306,조서연,F,2004-05-03,경기,수원시 권선구,2025-11-02,37.251101,126.996875
0000307,황지훈,F,2004-02-23,경기,수원시 팔달구,2025-11-02,37.261218,127.000421
0000308,안주원,M,1970-01-04,경기,용인시 기흥구,2025-11-02,37.290822,127.104798
0000309,윤지훈,F,1998-09-24,경기,수원시 권선구,2025-11-03,37.26691,127.004715
0000310,강현우,M,1998-07-31,경기,수원시 권선구,2025-11-03,37.282744,126.98748
0000311,서시우,F,1995-07-19,경기,용인시 처인구,2025-11-03,37.254694,127.228935
0000312,송채원,F,1982-07-03,경기,수원시 장안구,2025-11-03,37.304834,126.985408
0000313,안하은,F,1972-09-30,경기,용인시 수지구,2025-11-04,37.330893,127.1016
0000314,송다은,M,1994-11-04,경기,용인시 처인구,2025-11-04,37.231334,127.187448
0000315,박민준,M,1967-07-28,경기,수원시 장안구,2025-11-04,37.290502,127.013763
0000316,강시우,F,1970-08-18,경기,수원시 장안구,2025-11-05,37.300057,127.021104
0000317,류건우,F,1995-12-30,경기,용인시 수지구,2025-11-05,37.314533,127.083262
0000318,장다은,F,1992-07-24,경기,수원시 영통구,2025-11-05,37.263294,127.037139
0000319,정현우,F,1990-06-16,경기,용인시 수지구,2025-11-05,37.317087,127.098465
0000320,이지아,M,1986-10-30,경기,용인시 수지구,2025-11-05,37.3147,127.102953
0000321,강지훈,F,2004-03-04,경기,수원시 영통구,2025-11-05,37.264318,127.03155
0000322,황수아,F,1982-12-30,경기,수원시 권선구,2025-11-05,37.27212,126.975262
0000323,송준서,F,1980-08-30,경기,수원시 영통구,2025-11-06,37.256069,127.017267
0000324,신하린,M,1991-05-08,경기,수원시 권선구,2025-11-06,37.277818,126.977946
0000325,박다은,M,1989-01-11,경기,수원시 권선구,2025-11-06,37.2561,126.984913
0000326,서채원,M,1992-04-10,경기,수원시 장안구,2025-11-06,37.307317,127.029751
0000327,정지호,M,1992-07-26,경기,용인시 수지구,2025-11-07,37.344555,127.084514
0000328,류준서,M,1970-02-17,경기,수원시 장안구,2025-11-07,37.313411,127.043821
0000329,정지우,F,1966-07-25,경기,용인시 기흥구,2025-11-07,37.279574,127.12439
0000330,한지우,M,1983-02-15,경기,수원시 권선구,2025-11-07,37.27492,126.978548
0000331,한서윤,F,2002-08-19,경기,수원시 팔달구,2025-11-07,37.276817,127.044818
0000332,장유나,F,1969-06-02,경기,수원시 장안구,2025-11-07,37.304866,127.006772
0000333,정지훈,M,1970-06-22,경기,화성시,2025-11-07,37.216119,126.820216
0000334,권다은,M,1991-09-09,경기,화성시,2025-11-08,37.176839,126.831975
0000335,오주원,F,1977-10-21,경기,용인시 기흥구,2025-11-08,37.305361,127.109282
0000336,홍지아,F,1967-06-05,경기,화성시,2025-11-08,37.179502,126.831261
0000337,홍지우,M,1993-01-01,경기,화성시,2025-11-08,37.214756,126.827771
0000338,윤다은,F,1983-08-30,경기,용인시 수지구,2025-11-08,37.290268,127.10485
0000339,임수아,F,1969-02-15,경기,수원시 권선구,2025-11-08,37.256379,126.964951
0000340,신지훈,F,1984-08-08,경기,화성시,2025-11-09,37.233097,126.833904
0000341,정현우,F,1980-06-21,경기,용인시 처인구,2025-11-09,37.221791,127.216429
0000342,강준서,M,1972-04-30,경기,수원시 장안구,2025-11-09,37.292484,127.006498
0000343,송지우,F,1976-01-01,경기,수원시 팔달구,2025-11-09,37.278629,127.016306
0000344,서하린,M,1995-03-25,경기,용인시 수지구,2025-11-09,37.327006,127.090647
0000345,한민준,M,1989-08-28,경기,수원시 장안구,2025-11-09,37.311883,127.011817
0000346,신서윤,F,2001-06-20,경기,화성시,2025-11-10,37.196501,126.818968
0000347,임하은,F,1991-09-01,경기,수원시 영통구,2025-11-10,37.286199,127.030469
0000348,한지아,M,1976-11-08,경기,화성시,2025-11-10,37.209544,126.841288
0000349,정현우,F,1968-12-29,경기,수원시 영통구,2025-11-10,37.271929,127.059281
0000350,조하은,M,1982-10-31,경기,수원시 권선구,2025-11-10,37.241302,126.969403
0000351,장지우,F,1996-04-09,경기,용인시 수지구,2025-11-10,37.310225,127.086381
0000352,김민준,M,1974-01-29,경기,용인시 기흥구,2025-11-10,37.29835,127.120936
0000353,권건우,M,1965-09-17,경기,수원시 영통구,2025-11-10,37.26013,127.058584
0000354,강지우,F,1985-05-01,경기,수원시 영통구,2025-11-10,37.272101,127.037813
0000355,조현우,F,1968-11-18,경기,수원시 팔달구,2025-11-11,37.287095,127.03006
0000356,권서연,M,1970-11-18,경기,수원시 장안구,2025-11-11,37.298825,126.99841
0000357,황지호,F,1986-07-09,경기,수원시 영통구,2025-11-11,37.24644,127.07277
0000358,오하린,M,1994-02-18,경기,화성시,2025-11-12,37.216435,126.836321
0000359,이서연,M,1975-09-22,경기,수원시 장안구,2025-11-12,37.308101,126.997802
0000360,김하은,M,1972-12-13,경기,수원시 권선구,2025-11-12,37.27267,126.957671
0000361,안다은,M,1967-09-26,경기,수원시 권선구,2025-11-12,37.269644,126.975835
0000362,권민준,F,1980-09-25,경기,용인시 수지구,2025-11-12,37.33052,127.069692
0000363,서지훈,M,1976-05-01,경기,수원시 권선구,2025-11-12,37.24435,126.985456
0000364,신다은,F,1982-12-29,경기,용인시 수지구,2025-11-12,37.323106,127.104506
0000365,한다은,M,1983-11-21,경기,수원시 권선구,2025-11-12,37.262604,126.979806
0000366,조서윤,M,1968-12-15,경기,용인시 기흥구,2025-11-12,37.280779,127.113986
0000367,안건우,M,1985-06-06,경기,용인시 기흥구,2025-11-13,37.267993,127.120144
0000368,오지우,F,1971-05-17,경기,용인시 기흥구,2025-11-13,37.274142,127.129123
0000369,권지아,M,1968-07-30,경기,용인시 기흥구,2025-11-13,37.270954,127.133221
0000370,홍다은,M,1976-05-26,경기,수원시 권선구,2025-11-13,37.27314,126.977445
0000371,박다은,M,1994-09-07,경기,용인시 처인구,2025-11-13,37.242731,127.212394
0000372,권민준,F,1968-07-15,경기,용인시 수지구,2025-11-13,37.340784,127.092885
0000373,한서연,M,1970-12-20,경기,수원시 영통구,2025-11-13,37.25662,127.070182
0000374,김서연,M,1967-03-06,경기,수원시 영통구,2025-11-14,37.256835,127.014293
0000375,오수아,M,1973-03-19,경기,용인시 기흥구,2025-11-14,37.288739,127.111083
0000376,홍도윤,F,1970-11-18,경기,용인시 수지구,2025-11-14,37.310422,127.095321
0000377,권민준,M,1974-09-24,경기,용인시 기흥구,2025-11-14,37.295408,127.111787
0000378,윤주원,F,2002-04-05,경기,수원시 장안구,2025-11-14,37.294304,126.986941
0000379,류지훈,F,1969-01-22,경기,화성시,2025-11-14,37.216315,126.818564
0000380,강다은,F,1966-03-16,경기,용인시 수지구,2025-11-14,37.310764,127.089435
0000381,장다은,M,1990-07-08,경기,용인시 기흥구,2025-11-15,37.285941,127.106229
0000382,홍도윤,F,1983-12-20,경기,용인시 처인구,2025-11-16,37.259348,127.195475
0000383,신유나,M,1978-04-07,경기,화성시,2025-11-16,37.187416,126.857323
0000384,오민준,F,1993-10-01,경기,수원시 팔달구,2025-11-16,37.309173,127.023244
0000385,김다은,F,1982-08-06,경기,화성시,2025-11-17,37.171595,126.841965
0000386,황지호,F,1983-01-28,경기,수원시 권선구,2025-11-17,37.280438,127.004308
0000387,한지호,F,1991-12-19,경기,수원시 팔달구,2025-11-17,37.288432,127.01374
0000388,박하린,F,1979-02-25,경기,화성시,2025-11-17,37.218798,126.850937
0000389,장주원,M,1965-05-17,경기,용인시 수지구,2025-11-17,37.320383,127.085414
0000390,강서윤,M,1975-10-17,경기,수원시 장안구,2025-11-17,37.280109,127.036526
0000391,조하린,M,1989-02-26,경기,수원시 권선구,2025-11-17,37.24274,126.974736
0000392,윤지아,F,1999-10-26,경기,수원시 팔달구,2025-11-17,37.309419,127.01472
0000393,류서윤,F,2002-09-04,경기,용인시 기흥구,2025-11-18,37.295231,127.104555
0000394,임민준,M,1981-10-18,경기,용인시 수지구,2025-11-18,37.316429,127.093174
0000395,홍주원,F,1971-04-15,경기,수원시 권선구,2025-11-19,37.275172,126.968061
0000396,강지호,M,1990-08-11,경기,용인시 수지구,2025-11-19,37.332027,127.096597
0000397,오지우,M,2000-09-28,경기,수원시 권선구,2025-11-19,37.239922,126.978445
0000398,장수아,M,1999-06-03,경기,수원시 팔달구,2025-11-20,37.27628,127.024166
0000399,정채원,F,2003-11-07,경기,화성시,2025-11-20,37.198436,126.854353
0000400,권다은,M,1984-08-03,경기,용인시 기흥구,2025-11-20,37.30243,127.109949
0000401,한민준,M,1986-04-03,경기,화성시,2025-11-20,37.191731,126.824167
0000402,김도윤,M,1973-05-03,경기,용인시 수지구,2025-11-20,37.322755,127.114268
0000403,안준서,M,1969-02-15,경기,수원시 장안구,2025-11-20,37.308588,127.008197
0000404,송지아,F,1986-12-31,경기,수원시 권선구,2025-11-20,37.279627,126.968024
0000405,권지훈,F,1998-04-27,경기,수원시 권선구,2025-11-21,37.255172,126.973685
0000406,김하은,F,1965-08-27,경기,화성시,2025-11-21,37.199594,126.812385
0000407,강도윤,M,1970-03-14,경기,용인시 수지구,2025-11-21,37.339381,127.083746
0000408,안지훈,M,1990-06-05,경기,용인시 처인구,2025-11-21,37.237794,127.206679
0000409,임하은,M,1991-08-18,경기,용인시 수지구,2025-11-21,37.333104,127.132231
0000410,조지호,F,1974-05-30,경기,용인시 기흥구,2025-11-21,37.295812,127.125952
0000411,조지아,F,1968-10-07,경기,수원시 영통구,2025-11-22,37.258328,127.045708
0000412,송다은,M,1994-07-24,경기,용인시 기흥구,2025-11-22,37.284978,127.112921
0000413,박서연,M,1970-11-09,경기,수원시 장안구,2025-11-22,37.272343,127.00339
0000414,조지우,M,1969-06-19,경기,용인시 기흥구,2025-11-23,37.268226,127.092074
0000415,홍수아,F,1993-03-17,경기,용인시 처인구,2025-11-23,37.212611,127.193036
0000416,서유나,M,1998-08-25,경기,수원시 팔달구,2025-11-23,37.279705,127.026587
0000417,한예준,M,1970-01-22,경기,용인시 기흥구,2025-11-23,37.276674,127.115641
0000418,류수아,M,1987-09-05,경기,화성시,2025-11-23,37.20066,126.832191
0000419,황서윤,M,1970-04-25,경기,용인시 처인구,2025-11-23,37.219599,127.215616
0000420,서수아,F,1992-03-07,경기,수원시 장안구,2025-11-24,37.296926,126.995427
0000421,신도윤,M,1967-06-03,경기,용인시 기흥구,2025-11-24,37.27613,127.085854
0000422,장도윤,M,1999-01-22,경기,수원시 장안구,2025-11-24,37.287312,127.032191
0000423,오하은,M,1967-07-10,경기,용인시 수지구,2025-11-24,37.330395,127.09702
0000424,송서윤,M,1978-02-07,경기,용인시 기흥구,2025-11-25,37.271154,127.100369
0000425,오서윤,F,1973-07-22,경기,수원시 장안구,2025-11-25,37.330008,127.027869
0000426,윤건우,M,1982-05-31,경기,용인시 기흥구,2025-11-25,37.26889,127.119668
0000427,정지훈,M,1997-12-29,경기,수원시 권선구,2025-11-25,37.233847,126.972719
0000428,장지아,F,1965-11-18,경기,수원시 권선구,2025-11-26,37.270467,126.995555
0000429,서현우,F,1992-04-02,경기,용인시 기흥구,2025-11-26,37.286303,127.132379
0000430,김지아,M,1983-01-25,경기,수원시 장안구,2025-11-26,37.333892,127.013967
0000431,조지아,M,1966-12-15,경기,용인시 수지구,2025-11-26,37.323833,127.105221
0000432,황도윤,M,1967-01-23,경기,수원시 영통구,2025-11-26,37.24655,127.039636
0000433,한지호,M,1974-06-06,경기,용인시 수지구,2025-11-27,37.334217,127.086039
0000434,임지훈,F,1969-12-06,경기,용인시 수지구,2025-11-27,37.302735,127.101453
0000435,류유나,M,1992-12-17,경기,용인시 처인구,2025-11-27,37.239062,127.194946
0000436,권서윤,F,1990-01-10,경기,수원시 영통구,2025-11-27,37.281974,127.059189
0000437,신지우,M,1978-05-13,경기,수원시 영통구,2025-11-28,37.272674,127.02636
0000438,류서연,F,1991-09-09,경기,화성시,2025-11-28,37.207697,126.83857
0000439,신도윤,M,1968-06-03,경기,용인시 기흥구,2025-11-28,37.29217,127.126714
0000440,송채원,F,1997-12-24,경기,용인시 기흥구,2025-11-28,37.260403,127.101076
0000441,김건우,F,1967-07-14,경기,용인시 기흥구,2025-11-29,37.276705,127.120644
0000442,윤서윤,F,2001-05-05,경기,용인시 수지구,2025-11-29,37.332615,127.120945
0000443,신지호,F,1972-05-04,경기,용인시 수지구,2025-11-29,37.370335,127.114557
0000444,윤주원,M,1999-08-14,경기,수원시 영통구,2025-11-29,37.26879,127.031617
0000445,홍지아,M,1993-02-24,경기,수원시 팔달구,2025-11-30,37.298111,127.03466
0000446,서지아,M,2002-12-04,경기,수원시 영통구,2025-11-30,37.269369,127.074237
0000447,김도윤,M,1974-08-14,경기,수원시 팔달구,2025-11-30,37.285705,127.031231
0000448,한하은,M,1991-12-19,경기,용인시 수지구,2025-12-01,37.312834,127.096302
0000449,황지아,F,1985-10-29,경기,수원시 장안구,2025-12-01,37.315262,127.04112
0000450,서지호,F,1989-12-14,경기,용인시 수지구,2025-12-01,37.341072,127.087108
0000451,조민준,F,1983-12-03,경기,용인시 기흥구,2025-12-01,37.296265,127.112576
0000452,최현우,M,1985-02-12,경기,수원시 권선구,2025-12-01,37.280178,126.969745
0000453,권다은,F,1971-08-03,경기,수원시 영통구,2025-12-01,37.251191,127.039707
0000454,강지훈,F,1996-04-21,경기,용인시 기흥구,2025-12-02,37.29248,127.098578
0000455,조준서,M,1978-06-02,경기,수원시 장안구,2025-12-02,37.302508,127.028893
0000456,김시우,F,1986-01-10,경기,용인시 기흥구,2025-12-02,37.275496,127.109865
0000457,홍민준,M,1971-12-02,경기,수원시 권선구,2025-12-02,37.272108,126.976792
0000458,신주원,F,1984-10-03,경기,수원시 영통구,2025-12-02,37.257924,127.038521
0000459,강서연,F,1968-07-11,경기,수원시 권선구,2025-12-03,37.241166,126.983743
0000460,권다은,F,1976-07-11,경기,수원시 영통구,2025-12-03,37.258501,127.075313
0000461,권지호,F,2003-05-24,경기,수원시 권선구,2025-12-03,37.228687,126.985193
0000462,정다은,M,1984-10-28,경기,용인시 기흥구,2025-12-03,37.281905,127.126491
0000463,한현우,F,1986-11-18,경기,용인시 수지구,2025-12-03,37.330469,127.079758
0000464,황지호,M,1982-11-11,경기,화성시,2025-12-03,37.187711,126.825243
0000465,임하은,M,1976-03-04,경기,수원시 장안구,2025-12-03,37.287208,126.986319
0000466,이지호,F,1991-11-24,경기,용인시 기흥구,2025-12-03,37.31,127.137457
0000467,박서연,F,1984-08-31,경기,수원시 권선구,2025-12-03,37.280222,126.96964
0000468,조하린,F,1979-09-07,경기,용인시 기흥구,2025-12-04,37.271038,127.128718
0000469,황유나,M,1997-09-07,경기,화성시,2025-12-04,37.207263,126.801509
0000470,송준서,M,1971-08-29,경기,용인시 처인구,2025-12-04,37.202634,127.188641
0000471,홍시우,M,1995-10-24,경기,화성시,2025-12-04,37.202425,126.817881
0000472,서수아,M,1977-10-04,경기,화성시,2025-12-04,37.209903,126.81534
0000473,송서연,M,1975-06-05,경기,화성시,2025-12-05,37.19892,126.826457
0000474,최지우,F,1992-05-31,경기,용인시 수지구,2025-12-05,37.326093,127.096446
0000475,강유나,F,1972-10-18,경기,수원시 장안구,2025-12-05,37.282728,127.024448
0000476,황예준,M,2002-05-08,경기,용인시 기흥구,2025-12-05,37.271502,127.114453
0000477,한유나,F,1978-09-02,경기,용인시 기흥구,2025-12-05,37.283329,127.12467
0000478,황다은,M,1965-11-08,경기,수원시 영통구,2025-12-06,37.266939,127.040346
0000479,오현우,F,1979-09-02,경기,용인시 기흥구,2025-12-06,37.282581,127.098951
0000480,김서윤,F,2004-05-14,경기,화성시,2025-12-06,37.213692,126.804069
0000481,오채원,F,1967-03-17,경기,용인시 수지구,2025-12-06,37.306744,127.094847
0000482,류하은,F,1973-07-19,경기,수원시 영통구,2025-12-06,37.260321,127.040179
0000483,김현우,M,1996-01-30,경기,화성시,2025-12-06,37.223138,126.829364
0000484,한시우,F,2001-05-05,경기,용인시 수지구,2025-12-06,37.315578,127.071852
0000485,임예준,F,1992-03-28,경기,용인시 기흥구,2025-12-06,37.268952,127.102945
0000486,권서윤,M,2002-05-24,경기,용인시 수지구,2025-12-07,37.318819,127.139403
0000487,윤지우,F,1977-06-26,경기,화성시,2025-12-07,37.19287,126.849316
0000488,류현우,M,1985-05-21,경기,수원시 영통구,2025-12-07,37.259812,127.039749
0000489,오서연,F,2002-04-05,경기,수원시 장안구,2025-12-07,37.296971,127.011499
0000490,황지아,M,1996-06-22,경기,용인시 기흥구,2025-12-08,37.287781,127.136762
0000491,윤시우,F,1979-12-10,경기,수원시 영통구,2025-12-08,37.26373,127.036652
0000492,박서윤,F,1998-05-06,경기,수원시 영통구,2025-12-09,37.258718,127.047699
0000493,송하은,F,1979-10-23,경기,용인시 기흥구,2025-12-09,37.264637,127.118215
0000494,정서윤,F,1984-08-28,경기,수원시 영통구,2025-12-09,37.269825,127.043401
0000495,권다은,F,1985-03-09,경기,수원시 영통구,2025-12-09,37.272889,127.037483
0000496,정도윤,M,1974-03-20,경기,수원시 장안구,2025-12-09,37.310326,127.007937
0000497,조수아,F,1969-03-07,경기,수원시 팔달구,2025-12-10,37.263734,127.024602
0000498,김민준,M,2002-10-01,경기,수원시 장안구,2025-12-10,37.304303,127.003206
0000499,박지아,M,2003-09-26,경기,수원시 권선구,2025-12-10,37.265922,127.01459
0000500,최주원,M,1983-09-10,경기,용인시 기흥구,2025-12-10,37.299455,127.099811
0000501,안준서,F,1982-03-16,경기,용인시 기흥구,2025-12-10,37.279447,127.127865
0000502,서지호,F,1998-04-14,경기,용인시 기흥구,2025-12-10,37.293793,127.086879
0000503,권서연,M,2000-06-10,경기,용인시 기흥구,2025-12-10,37.270276,127.116118
0000504,정시우,M,1998-02-12,경기,용인시 수지구,2025-12-11,37.300881,127.09053
0000505,류현우,M,1999-03-27,경기,수원시 팔달구,2025-12-11,37.309419,127.008516
0000506,송하은,M,1966-09-01,경기,수원시 영통구,2025-12-11,37.253707,127.046881
0000507,신민준,F,1980-09-25,경기,수원시 권선구,2025-12-11,37.261897,126.942695
0000508,류서연,F,1991-02-13,경기,수원시 팔달구,2025-12-11,37.301493,127.016664
0000509,최민준,F,1990-03-10,경기,수원시 영통구,2025-12-11,37.261314,127.04724
0000510,신시우,M,2000-09-28,경기,용인시 처인구,2025-12-12,37.202183,127.208923
0000511,박민준,M,1970-08-02,경기,수원시 권선구,2025-12-12,37.272332,126.975385
0000512,홍민준,F,1993-12-16,경기,용인시 처인구,2025-12-12,37.234103,127.234019
0000513,박민준,M,1986-09-28,경기,용인시 수지구,2025-12-12,37.329851,127.108547
0000514,오건우,M,1981-11-29,경기,용인시 기흥구,2025-12-13,37.288083,127.12639
0000515,임주원,F,1971-09-05,경기,용인시 기흥구,2025-12-13,37.283349,127.096799
0000516,최지아,F,2002-11-29,경기,용인시 기흥구,2025-12-13,37.305234,127.107577
0000517,황유나,F,1975-01-11,경기,용인시 처인구,2025-12-13,37.227657,127.193581
0000518,장수아,F,1985-07-08,경기,수원시 영통구,2025-12-13,37.267304,127.055691
0000519,강하은,M,1987-05-18,경기,용인시 처인구,2025-12-13,37.222144,127.226604
0000520,강지아,F,1981-03-20,경기,용인시 수지구,2025-12-13,37.325126,127.061658
0000521,안시우,M,2004-02-13,경기,용인시 수지구,2025-12-13,37.337272,127.099581
0000522,홍유나,F,1998-07-21,경기,화성시,2025-12-14,37.172747,126.827345
0000523,송채원,M,1984-03-07,경기,수원시 장안구,2025-12-14,37.316211,127.038454
0000524,황지훈,M,1999-02-10,경기,용인시 수지구,2025-12-14,37.312712,127.093294
0000525,임시우,F,2000-09-16,경기,수원시 영통구,2025-12-14,37.266902,127.043124
0000526,윤지우,F,1977-07-16,경기,수원시 영통구,2025-12-15,37.270405,127.041599
0000527,이유나,M,1983-07-05,경기,용인시 수지구,2025-12-15,37.318318,127.102331
0000528,장채원,F,1998-06-15,경기,수원시 영통구,2025-12-15,37.252639,127.048173
0000529,김서윤,M,1971-07-17,경기,화성시,2025-12-15,37.183693,126.846332
0000530,신민준,F,1994-09-26,경기,용인시 기흥구,2025-12-15,37.280586,127.109955
0000531,송도윤,M,1999-07-14,경기,수원시 영통구,2025-12-15,37.254593,127.063628
0000532,한현우,M,1985-01-29,경기,용인시 처인구,2025-12-15,37.210042,127.190373
0000533,송서윤,F,1986-03-26,경기,수원시 권선구,2025-12-15,37.257497,126.999228
0000534,한하은,F,1971-04-05,경기,용인시 수지구,2025-12-16,37.335375,127.100491
0000535,서현우,F,1999-09-12,경기,용인시 처인구,2025-12-16,37.240077,127.201612
0000536,신민준,M,1994-04-25,경기,용인시 처인구,2025-12-16,37.228919,127.192535
0000537,최주원,M,2002-03-30,경기,수원시 권선구,2025-12-16,37.254272,126.971594
0000538,신지훈,F,1997-02-02,경기,수원시 영통구,2025-12-16,37.271113,127.06722
0000539,송주원,M,1979-02-12,경기,용인시 처인구,2025-12-16,37.239891,127.217142
0000540,송서연,F,1976-12-16,경기,수원시 팔달구,2025-12-17,37.281198,127.013917
0000541,윤주원,M,1993-06-27,경기,화성시,2025-12-17,37.195125,126.822061
0000542,정건우,F,1968-07-19,경기,수원시 영통구,2025-12-17,37.270043,127.020967
0000543,한수아,M,1977-09-10,경기,용인시 수지구,2025-12-17,37.332705,127.095481
0000544,이서연,M,1986-04-20,경기,용인시 처인구,2025-12-18,37.221982,127.214169
0000545,조도윤,F,2001-09-01,경기,화성시,2025-12-18,37.191487,126.834765
0000546,권주원,F,1998-08-06,경기,용인시 처인구,2025-12-18,37.243025,127.186094
0000547,이시우,F,1982-09-01,경기,수원시 영통구,2025-12-18,37.283161,127.063685
0000548,김하은,M,1987-12-08,경기,수원시 영통구,2025-12-19,37.275082,127.045132
0000549,강하린,F,1981-10-17,경기,수원시 영통구,2025-12-19,37.256983,127.030963
0000550,임지훈,F,2001-02-26,경기,화성시,2025-12-19,37.211796,126.803504
0000551,송서연,F,1966-01-24,경기,화성시,2025-12-20,37.176463,126.817025
0000552,강도윤,F,1981-02-17,경기,수원시 권선구,2025-12-21,37.250755,126.988025
0000553,황지아,F,1974-06-14,경기,용인시 처인구,2025-12-21,37.234453,127.191031
0000554,신지아,F,1990-06-29,경기,수원시 영통구,2025-12-22,37.290259,127.021857
0000555,임주원,M,2004-03-22,경기,용인시 기흥구,2025-12-22,37.266452,127.102206
0000556,황예준,F,1988-12-10,경기,수원시 영통구,2025-12-22,37.261176,127.04773
0000557,윤하은,F,1966-11-23,경기,용인시 기흥구,2025-12-22,37.277447,127.130727
0000558,류예준,M,2003-10-08,경기,수원시 권선구,2025-12-23,37.276946,126.970073
0000559,류예준,M,2000-05-06,경기,수원시 영통구,2025-12-23,37.252147,127.035377
0000560,임유나,F,1978-07-07,경기,용인시 처인구,2025-12-23,37.242338,127.202127
0000561,강서연,M,1974-05-25,경기,수원시 팔달구,2025-12-23,37.289087,127.038979
0000562,권민준,M,1996-06-01,경기,수원시 장안구,2025-12-23,37.300775,127.022566
0000563,이유나,F,1981-02-15,경기,수원시 팔달구,2025-12-23,37.268487,127.006307
0000564,홍도윤,F,1970-12-10,경기,수원시 영통구,2025-12-23,37.264374,127.070471
0000565,김현우,M,1983-01-04,경기,수원시 영통구,2025-12-23,37.239733,127.038599
0000566,강하린,M,1999-06-24,경기,용인시 수지구,2025-12-23,37.334665,127.091995
0000567,윤채원,F,1969-07-07,경기,수원시 영통구,2025-12-24,37.256123,127.036568
0000568,신시우,M,1989-11-02,경기,수원시 팔달구,2025-12-24,37.288956,127.01774
0000569,한지아,F,1991-09-26,경기,용인시 처인구,2025-12-24,37.20896,127.184395
0000570,서지호,M,1985-12-08,경기,용인시 처인구,2025-12-24,37.216319,127.202372
0000571,박수아,F,1973-10-15,경기,화성시,2025-12-25,37.213765,126.825713
0000572,홍다은,M,1986-06-05,경기,용인시 기흥구,2025-12-25,37.254347,127.111868
0000573,최주원,F,1974-12-09,경기,수원시 장안구,2025-12-25,37.319724,127.004218
0000574,조수아,F,1969-04-29,경기,용인시 수지구,2025-12-25,37.3289,127.095138
0000575,신수아,F,1988-02-25,경기,수원시 영통구,2025-12-25,37.241224,127.07693
0000576,정하은,M,2002-10-06,경기,화성시,2025-12-26,37.218751,126.83007
0000577,윤준서,F,1984-02-15,경기,수원시 장안구,2025-12-26,37.282038,127.030742
0000578,한지호,F,1970-02-11,경기,용인시 수지구,2025-12-26,37.32264,127.103583
0000579,강민준,M,1969-07-15,경기,수원시 영통구,2025-12-26,37.261389,127.025264
0000580,류다은,M,1968-12-15,경기,용인시 수지구,2025-12-26,37.298701,127.10965
0000581,조시우,M,1994-07-31,경기,수원시 영통구,2025-12-26,37.240128,127.059399
0000582,홍예준,F,1982-02-20,경기,용인시 처인구,2025-12-27,37.225941,127.220317
0000583,강서연,F,1971-02-05,경기,용인시 기흥구,2025-12-27,37.285804,127.092885
0000584,임시우,M,1981-07-15,경기,수원시 권선구,2025-12-27,37.250233,126.970374
0000585,정서윤,F,1966-05-11,경기,수원시 권선구,2025-12-27,37.285366,126.984346
0000586,김시우,F,2001-06-23,경기,용인시 기흥구,2025-12-27,37.264647,127.126709
0000587,오지훈,F,2003-09-21,경기,화성시,2025-12-27,37.199954,126.843058
0000588,최지호,M,1971-08-15,경기,용인시 기흥구,2025-12-27,37.30244,127.135458
0000589,최서연,M,1998-07-07,경기,화성시,2025-12-27,37.172988,126.805325
0000590,박지호,F,1977-12-15,경기,용인시 수지구,2025-12-28,37.326163,127.099785
0000591,류민준,M,1966-08-09,경기,용인시 기흥구,2025-12-28,37.263493,127.135748
0000592,권지우,F,1991-04-15,경기,수원시 권선구,2025-12-28,37.285697,126.964454
0000593,신현우,F,1987-10-20,경기,용인시 수지구,2025-12-28,37.328113,127.086997
0000594,홍지우,F,1989-03-11,경기,수원시 영통구,2025-12-29,37.263175,127.062965
0000595,안지훈,F,1967-08-17,경기,용인시 수지구,2025-12-29,37.315249,127.085571
0000596,최예준,M,1968-02-21,경기,수원시 영통구,2025-12-29,37.259605,127.035671
0000597,정하린,M,1975-01-21,경기,용인시 기흥구,2025-12-29,37.275258,127.11577
0000598,권건우,M,1970-06-04,경기,용인시 처인구,2025-12-29,37.220708,127.226147
0000599,서주원,F,1994-06-19,경기,수원시 영통구,2025-12-29,37.243795,127.050317
0000600,최주원,F,1983-04-10,경기,수원시 영통구,2025-12-29,37.26249,127.047977
0000601,장지우,F,1989-01-06,경기,수원시 장안구,2025-12-30,37.296914,127.017367
0000602,서지우,F,1985-07-09,경기,수원시 영통구,2025-12-30,37.284865,127.080075
0000603,서지아,M,1983-03-08,경기,수원시 권선구,2025-12-30,37.255939,126.961351
0000604,황민준,M,1986-03-05,경기,수원시 권선구,2025-12-30,37.262056,126.9395
0000605,조서윤,M,1965-08-09,경기,용인시 처인구,2025-12-30,37.240542,127.182993
0000606,최건우,M,2002-04-25,경기,수원시 팔달구,2025-12-30,37.27483,127.007538
0000607,이수아,F,1971-12-12,경기,수원시 영통구,2025-12-31,37.26083,127.058297
0000608,임예준,M,1977-02-15,경기,수원시 영통구,2025-12-31,37.25519,127.029041
0000609,장서윤,M,1971-11-27,경기,화성시,2025-12-31,37.201745,126.834604
0000610,한도윤,M,1974-04-24,경기,화성시,2025-12-31,37.18993,126.830482
0000611,한다은,F,2002-04-13,경기,수원시 팔달구,2025-12-31,37.302662,127.00171
0000612,권준서,F,2004-02-28,경기,수원시 영통구,2025-12-31,37.267212,127.053369
0000613,강도윤,F,2002-10-12,경기,화성시,2025-12-31,37.20097,126.803428
0000614,오준서,M,2004-05-04,경기,수원시 장안구,2025-12-31,37.310587,127.004863
0000615,서지우,F,1969-04-08,경기,용인시 기흥구,2026-01-01,37.271407,127.122853
0000616,오서연,M,1974-08-06,경기,수원시 영통구,2026-01-01,37.258463,127.049775
0000617,안주원,F,1998-01-01,경기,수원시 영통구,2026-01-01,37.259212,127.053225
0000618,송현우,M,2000-07-25,경기,수원시 권선구,2026-01-01,37.259776,126.954912
0000619,류예준,M,1995-05-11,경기,수원시 장안구,2026-01-02,37.329585,127.018455
0000620,권다은,F,1982-06-06,경기,수원시 영통구,2026-01-02,37.267956,127.050279
0000621,장지호,F,1968-10-13,경기,화성시,2026-01-02,37.212231,126.840314
0000622,황주원,F,1975-10-04,경기,화성시,2026-01-02,37.194002,126.81588
0000623,송채원,F,1996-09-19,경기,수원시 권선구,2026-01-02,37.238493,126.971897
0000624,윤유나,M,1998-03-04,경기,용인시 기흥구,2026-01-02,37.276025,127.110561
0000625,류주원,F,1995-05-24,경기,용인시 기흥구,2026-01-02,37.277533,127.141688
0000626,윤주원,F,1968-07-30,경기,용인시 수지구,2026-01-02,37.338118,127.081352
0000627,서수아,F,1971-08-16,경기,수원시 장안구,2026-01-03,37.303008,127.010565
0000628,정서연,M,1977-11-15,경기,수원시 팔달구,2026-01-03,37.292286,127.039793
0000629,임준서,M,1997-08-22,경기,수원시 영통구,2026-01-03,37.253526,127.062262
0000630,서서연,F,1986-08-07,경기,수원시 장안구,2026-01-04,37.304297,127.006642
0000631,송하은,M,1989-11-19,경기,수원시 권선구,2026-01-05,37.23837,126.940503
0000632,강준서,M,1978-02-11,경기,용인시 기흥구,2026-01-05,37.272998,127.101381
0000633,박건우,M,1975-05-08,경기,용인시 수지구,2026-01-05,37.324208,127.112735
0000634,신도윤,F,1979-03-20,경기,용인시 기흥구,2026-01-05,37.31636,127.092808
0000635,황채원,F,1968-01-15,경기,수원시 영통구,2026-01-05,37.254735,127.032146
0000636,임민준,M,1972-10-21,경기,수원시 팔달구,2026-01-05,37.294939,127.011909
0000637,송지호,M,1965-07-24,경기,용인시 기흥구,2026-01-05,37.279499,127.085098
0000638,권현우,M,2001-02-11,경기,수원시 장안구,2026-01-05,37.306645,126.981754
0000639,홍서윤,M,1997-09-30,경기,화성시,2026-01-06,37.21869,126.838695
0000640,오지우,M,1994-02-11,경기,용인시 기흥구,2026-01-06,37.245682,127.127163
0000641,서채원,F,2002-04-18,경기,용인시 처인구,2026-01-06,37.268348,127.197548
0000642,류도윤,M,1970-07-21,경기,화성시,2026-01-06,37.190184,126.828286
0000643,한서윤,M,1966-10-08,경기,용인시 기흥구,2026-01-06,37.250752,127.106977
0000644,강지우,M,1998-01-06,경기,용인시 처인구,2026-01-06,37.264789,127.184339
0000645,윤지호,M,1979-03-02,경기,수원시 팔달구,2026-01-06,37.293245,127.024587
0000646,안시우,F,1996-01-23,경기,수원시 영통구,2026-01-06,37.27836,127.048266
0000647,조지아,M,1979-07-27,경기,수원시 권선구,2026-01-06,37.267284,126.978793
0000648,윤도윤,M,2001-02-02,경기,용인시 수지구,2026-01-07,37.308968,127.100459
0000649,최도윤,F,1996-06-30,경기,수원시 영통구,2026-01-07,37.258613,127.042572
0000650,강지호,F,1997-06-21,경기,수원시 팔달구,2026-01-07,37.288673,126.990378
0000651,정수아,F,1990-02-20,경기,수원시 영통구,2026-01-07,37.24182,127.046019
0000652,홍하은,M,1986-07-28,경기,용인시 수지구,2026-01-07,37.329395,127.094476
0000653,류준서,F,1976-07-24,경기,수원시 장안구,2026-01-07,37.310813,126.992593
0000654,오현우,F,1996-09-07,경기,수원시 장안구,2026-01-07,37.295982,127.000814
0000655,정하린,M,1982-06-18,경기,화성시,2026-01-07,37.196708,126.810968
0000656,황채원,F,1977-11-23,경기,수원시 영통구,2026-01-07,37.235046,127.053586
0000657,홍건우,F,2001-10-02,경기,용인시 처인구,2026-01-07,37.21464,127.207396
0000658,오유나,F,1991-02-06,경기,용인시 기흥구,2026-01-07,37.278553,127.128816
0000659,서서윤,F,1980-11-26,경기,화성시,2026-01-07,37.193769,126.827249
0000660,윤도윤,M,1989-08-15,경기,용인시 수지구,2026-01-07,37.315231,127.098038
0000661,장시우,M,1978-09-20,경기,용인시 처인구,2026-01-08,37.21087,127.220776
0000662,강현우,M,1979-09-29,경기,수원시 장안구,2026-01-08,37.322822,127.018014
0000663,신준서,F,2003-10-28,경기,용인시 처인구,2026-01-08,37.24524,127.200543
0000664,신지훈,M,2004-07-11,경기,용인시 수지구,2026-01-08,37.320475,127.064718
0000665,최서윤,F,1966-06-21,경기,수원시 권선구,2026-01-08,37.240469,126.994735
0000666,송도윤,F,1974-12-14,경기,화성시,2026-01-09,37.204652,126.827925
0000667,김준서,F,1970-10-25,경기,수원시 영통구,2026-01-09,37.271112,127.041661
0000668,윤예준,M,1968-10-19,경기,용인시 기흥구,2026-01-09,37.299121,127.097766
0000669,조현우,F,1968-06-23,경기,수원시 장안구,2026-01-09,37.325732,127.006514
0000670,서하린,M,1977-08-08,경기,수원시 영통구,2026-01-09,37.249141,127.073211
0000671,류지아,M,2004-03-22,경기,수원시 장안구,2026-01-09,37.281778,126.985757
0000672,오수아,F,1965-07-13,경기,수원시 영통구,2026-01-09,37.255228,127.043006
0000673,박예준,F,1986-02-13,경기,용인시 기흥구,2026-01-09,37.307477,127.107966
0000674,장현우,M,1996-02-10,경기,용인시 기흥구,2026-01-09,37.275268,127.108092
0000675,최서연,F,1972-01-23,경기,용인시 처인구,2026-01-09,37.241669,127.214721
0000676,신도윤,M,1965-06-23,경기,용인시 처인구,2026-01-09,37.222885,127.200856
0000677,임지훈,F,1969-11-11,경기,용인시 기흥구,2026-01-10,37.241929,127.123487
0000678,박서윤,M,1992-06-20,경기,수원시 영통구,2026-01-10,37.25774,127.048043
0000679,조다은,M,1991-07-30,경기,용인시 수지구,2026-01-10,37.343245,127.082303
0000680,조도윤,F,1993-11-25,경기,수원시 팔달구,2026-01-10,37.298876,127.024659
0000681,최유나,M,2004-05-06,경기,수원시 영통구,2026-01-10,37.252576,127.06558
0000682,김현우,M,1996-06-11,경기,용인시 기흥구,2026-01-10,37.27974,127.067929
0000683,윤하린,M,2000-09-22,경기,용인시 수지구,2026-01-10,37.341685,127.108238
0000684,안채원,M,1985-11-22,경기,수원시 영통구,2026-01-10,37.269122,127.063728
0000685,권주원,M,1990-05-01,경기,용인시 수지구,2026-01-11,37.324377,127.098488
0000686,조현우,M,1993-03-17,경기,용인시 기흥구,2026-01-11,37.291642,127.076347
0000687,박수아,M,1970-12-04,경기,용인시 기흥구,2026-01-11,37.281499,127.102247
0000688,정지훈,M,1997-11-13,경기,화성시,2026-01-11,37.201354,126.871547
0000689,신준서,F,2000-07-17,경기,화성시,2026-01-11,37.187051,126.825966
0000690,권도윤,M,1968-11-13,경기,용인시 수지구,2026-01-11,37.30279,127.109986
0000691,송주원,M,2002-04-02,경기,수원시 팔달구,2026-01-12,37.295497,127.031276
0000692,신지우,M,1984-11-11,경기,용인시 기흥구,2026-01-12,37.264177,127.102417
0000693,한예준,F,1977-04-11,경기,화성시,2026-01-12,37.184331,126.818556
0000694,정하린,F,1991-07-06,경기,수원시 팔달구,2026-01-12,37.251701,127.044996
0000695,강서연,F,1975-04-05,경기,수원시 권선구,2026-01-12,37.258465,126.977758
0000696,한시우,M,1997-09-01,경기,용인시 수지구,2026-01-12,37.301909,127.094438
0000697,한지우,F,2001-08-12,경기,수원시 권선구,2026-01-12,37.255782,126.985567
0000698,최유나,F,1975-09-15,경기,수원시 권선구,2026-01-12,37.212953,126.979446
0000699,홍준서,F,1978-11-21,경기,수원시 장안구,2026-01-13,37.302841,126.988535
0000700,신준서,M,1986-11-15,경기,용인시 처인구,2026-01-13,37.205644,127.220629
0000701,강다은,M,1976-08-06,경기,수원시 장안구,2026-01-13,37.298868,127.034764
0000702,조예준,M,1986-06-30,경기,수원시 권선구,2026-01-13,37.253288,126.965761
0000703,박채원,M,1984-08-23,경기,수원시 영통구,2026-01-13,37.258037,127.043568
0000704,윤시우,M,2002-02-17,경기,수원시 권선구,2026-01-13,37.258796,126.985955
0000705,박민준,M,1965-07-24,경기,수원시 영통구,2026-01-13,37.227537,127.041545
0000706,정시우,F,1965-02-05,경기,용인시 기흥구,2026-01-13,37.28076,127.11022
0000707,강현우,F,1991-06-22,경기,수원시 권선구,2026-01-14,37.271857,126.9529
0000708,안주원,F,1973-03-28,경기,수원시 영통구,2026-01-14,37.259008,127.035516
0000709,홍지호,M,1969-04-11,경기,수원시 장안구,2026-01-14,37.316862,127.012712
0000710,박주원,M,1973-03-27,경기,수원시 장안구,2026-01-14,37.315708,126.997192
0000711,한다은,M,1994-08-25,경기,용인시 수지구,2026-01-14,37.312122,127.084448
0000712,홍하은,F,1988-07-15,경기,화성시,2026-01-14,37.195905,126.834408
0000713,오시우,M,1971-06-01,경기,용인시 처인구,2026-01-14,37.258177,127.189959
0000714,강준서,F,1975-05-06,경기,화성시,2026-01-14,37.19416,126.813293
0000715,윤지우,F,1976-11-20,경기,용인시 기흥구,2026-01-14,37.285955,127.099247
0000716,조서윤,M,2000-10-05,경기,용인시 수지구,2026-01-14,37.312726,127.116928
0000717,정하린,M,2003-02-23,경기,수원시 권선구,2026-01-14,37.229164,126.971223
0000718,송유나,F,1992-10-09,경기,용인시 수지구,2026-01-14,37.336737,127.086855
0000719,서예준,F,1980-08-21,경기,용인시 수지구,2026-01-14,37.319757,127.102575
0000720,안현우,F,1979-04-08,경기,수원시 장안구,2026-01-14,37.307357,127.025498
0000721,윤주원,F,1966-11-18,경기,수원시 영통구,2026-01-15,37.244757,127.0466
0000722,오준서,F,1979-04-30,경기,용인시 기흥구,2026-01-15,37.286413,127.113156
0000723,황현우,F,1969-09-06,경기,수원시 영통구,2026-01-15,37.267115,127.063666
0000724,홍민준,F,1995-04-28,경기,용인시 기흥구,2026-01-15,37.28756,127.111628
0000725,박하린,M,1997-10-09,경기,용인시 수지구,2026-01-15,37.31786,127.091969
0000726,신하린,F,2001-03-01,경기,수원시 권선구,2026-01-15,37.252361,126.976588
0000727,한다은,F,1980-02-18,경기,용인시 기흥구,2026-01-15,37.285422,127.148554
0000728,서주원,F,1976-12-16,경기,수원시 권선구,2026-01-15,37.266878,126.990987
0000729,윤유나,F,1994-06-18,경기,수원시 팔달구,2026-01-15,37.291232,127.013863
0000730,김서윤,M,1986-11-05,경기,수원시 권선구,2026-01-16,37.247222,126.973245
0000731,조서연,F,1996-11-02,경기,수원시 영통구,2026-01-16,37.264546,127.042009
0000732,윤지아,F,1975-01-22,경기,수원시 권선구,2026-01-16,37.255252,126.951364
0000733,최주원,M,2002-07-16,경기,화성시,2026-01-16,37.201821,126.810178
0000734,서하은,F,1981-10-16,경기,수원시 권선구,2026-01-16,37.291342,126.964435
0000735,송지우,F,1986-06-25,경기,수원시 장안구,2026-01-16,37.329361,126.997022
0000736,서건우,F,1983-07-07,경기,수원시 영통구,2026-01-16,37.270658,127.044634
0000737,한주원,F,1977-05-26,경기,수원시 영통구,2026-01-16,37.247576,127.066141
0000738,임건우,F,1974-12-24,경기,수원시 권선구,2026-01-16,37.24969,126.974027
0000739,장지아,M,1996-01-21,경기,화성시,2026-01-16,37.202799,126.846199
0000740,박수아,F,1991-12-13,경기,수원시 팔달구,2026-01-16,37.272922,127.011592
0000741,박지호,M,1975-03-09,경기,용인시 처인구,2026-01-17,37.249637,127.214529
0000742,한서윤,M,1994-04-11,경기,수원시 팔달구,2026-01-17,37.293962,127.010702
0000743,서지아,F,1993-07-04,경기,용인시 기흥구,2026-01-17,37.258057,127.126031
0000744,송시우,M,1973-06-22,경기,용인시 수지구,2026-01-17,37.31189,127.092633
0000745,박하린,M,1981-07-02,경기,수원시 팔달구,2026-01-17,37.29076,127.003187
0000746,조시우,F,1990-03-08,경기,용인시 처인구,2026-01-17,37.236303,127.208876
0000747,박채원,M,1990-06-01,경기,용인시 수지구,2026-01-17,37.34612,127.110329
0000748,송준서,M,1987-09-23,경기,수원시 권선구,2026-01-17,37.258185,126.977694
0000749,류채원,F,1983-04-02,경기,수원시 권선구,2026-01-17,37.255783,126.968009
0000750,임지우,F,2000-12-10,경기,수원시 영통구,2026-01-17,37.246395,127.038908
0000751,권지아,F,1982-06-05,경기,용인시 처인구,2026-01-17,37.237503,127.197737
0000752,한하은,M,1976-12-06,경기,수원시 영통구,2026-01-17,37.262466,127.04471
0000753,이서윤,M,1996-05-07,경기,수원시 장안구,2026-01-18,37.273208,127.011784
0000754,류주원,F,1978-09-28,경기,용인시 기흥구,2026-01-18,37.287663,127.144884
0000755,정현우,M,1976-03-16,경기,수원시 영통구,2026-01-18,37.262886,127.061053
0000756,이하은,F,1988-11-17,경기,용인시 수지구,2026-01-18,37.277285,127.096275
0000757,한민준,M,2001-04-24,경기,용인시 수지구,2026-01-18,37.328055,127.134165
0000758,류하린,F,1993-01-27,경기,수원시 권선구,2026-01-18,37.263329,126.968743
0000759,홍지아,F,1984-06-01,경기,용인시 처인구,2026-01-18,37.240339,127.182284
0000760,한현우,F,1966-10-16,경기,용인시 기흥구,2026-01-18,37.292765,127.089004
0000761,오민준,M,1986-12-17,경기,수원시 권선구,2026-01-18,37.258852,126.975382
0000762,류지우,F,2002-01-21,경기,용인시 수지구,2026-01-18,37.321253,127.06296
0000763,장수아,F,1995-06-23,경기,수원시 권선구,2026-01-18,37.253478,126.979873
0000764,한수아,M,1985-10-17,경기,화성시,2026-01-19,37.201131,126.804479
0000765,권준서,M,1982-03-25,경기,수원시 영통구,2026-01-19,37.26447,127.04268
0000766,강현우,F,2002-12-09,경기,용인시 기흥구,2026-01-19,37.304935,127.125305
0000767,한건우,F,2003-05-12,경기,화성시,2026-01-19,37.207607,126.836816
0000768,류도윤,M,1975-12-15,경기,수원시 영통구,2026-01-19,37.258042,127.035843
0000769,임하은,F,1987-01-09,경기,용인시 기흥구,2026-01-19,37.251386,127.125805
0000770,송도윤,F,1993-05-20,경기,수원시 영통구,2026-01-20,37.251348,127.047998
0000771,송수아,M,1967-12-20,경기,용인시 수지구,2026-01-20,37.297887,127.120923
0000772,한건우,F,1990-07-17,경기,화성시,2026-01-20,37.19384,126.83025
0000773,오민준,F,1994-07-11,경기,화성시,2026-01-20,37.170962,126.774264
0000774,신도윤,M,1999-12-08,경기,수원시 권선구,2026-01-20,37.255167,126.99089
0000775,안다은,M,2002-12-06,경기,용인시 기흥구,2026-01-20,37.276705,127.128069
0000776,권시우,F,1982-02-28,경기,수원시 장안구,2026-01-20,37.295047,127.011796
0000777,정예준,F,1972-12-17,경기,수원시 권선구,2026-01-20,37.277445,126.958232
0000778,조다은,M,1975-07-12,경기,수원시 권선구,2026-01-20,37.250079,126.958853
0000779,박지아,F,1993-12-27,경기,용인시 기흥구,2026-01-20,37.277072,127.116268
0000780,류채원,F,2003-11-17,경기,수원시 장안구,2026-01-20,37.288513,127.002442
0000781,안유나,M,1994-01-13,경기,수원시 팔달구,2026-01-20,37.286593,126.992463
0000782,오지호,F,2002-04-08,경기,용인시 처인구,2026-01-21,37.252089,127.213264
0000783,신채원,M,1987-05-30,경기,수원시 영통구,2026-01-21,37.278498,127.066528
0000784,장지훈,F,1982-06-23,경기,화성시,2026-01-21,37.180511,126.866663
0000785,장시우,F,1992-11-23,경기,수원시 팔달구,2026-01-21,37.275126,127.022827
0000786,송현우,F,1987-07-14,경기,용인시 처인구,2026-01-21,37.237814,127.188397
0000787,강다은,M,1971-05-07,경기,용인시 처인구,2026-01-21,37.244321,127.203025
0000788,윤지우,M,1970-07-17,경기,수원시 영통구,2026-01-21,37.263738,127.041626
0000789,한지호,M,1985-06-14,경기,화성시,2026-01-21,37.191558,126.837376
0000790,강지아,M,1976-10-27,경기,용인시 수지구,2026-01-21,37.319246,127.105045
0000791,김현우,F,1991-06-06,경기,수원시 팔달구,2026-01-21,37.269715,127.037057
0000792,임수아,M,1975-11-20,경기,화성시,2026-01-21,37.182167,126.822033
0000793,최채원,M,1983-05-15,경기,용인시 기흥구,2026-01-21,37.28235,127.125693
0000794,정서연,F,1972-06-12,경기,화성시,2026-01-21,37.206841,126.801093
0000795,한시우,F,1969-03-10,경기,수원시 장안구,2026-01-21,37.315761,127.003054
0000796,서서윤,M,1987-10-04,경기,용인시 처인구,2026-01-22,37.219884,127.214285
0000797,류채원,F,1999-07-11,경기,수원시 권선구,2026-01-22,37.246252,126.959333
0000798,조지아,M,1966-04-18,경기,용인시 기흥구,2026-01-22,37.277292,127.114705
0000799,강지훈,M,1989-03-02,경기,용인시 기흥구,2026-01-22,37.314427,127.130966
0000800,이예준,F,1974-06-12,경기,화성시,2026-01-22,37.226872,126.861373
0000801,윤서연,M,1970-05-09,경기,수원시 권선구,2026-01-22,37.233563,126.990903
0000802,류현우,F,2003-01-15,경기,용인시 기흥구,2026-01-22,37.267722,127.112341
0000803,윤수아,F,1982-06-05,경기,용인시 수지구,2026-01-22,37.327291,127.079791
0000804,권주원,M,1979-07-29,경기,수원시 팔달구,2026-01-22,37.272134,127.033931
0000805,최유나,M,1989-09-10,경기,수원시 팔달구,2026-01-22,37.292687,127.006586
0000806,강주원,F,1973-06-09,경기,용인시 기흥구,2026-01-22,37.287534,127.09105
0000807,최지훈,M,1966-05-24,경기,수원시 영통구,2026-01-22,37.274551,127.052749
0000808,홍현우,F,1984-06-20,경기,수원시 팔달구,2026-01-22,37.307701,127.019238
0000809,홍현우,F,1993-10-07,경기,화성시,2026-01-22,37.194394,126.829512
0000810,류다은,F,1994-08-23,경기,화성시,2026-01-23,37.206093,126.832536
0000811,서다은,F,1979-01-31,경기,용인시 수지구,2026-01-23,37.294349,127.114722
0000812,정다은,M,1979-04-13,경기,용인시 수지구,2026-01-23,37.331091,127.106418
0000813,송지우,M,1983-11-30,경기,수원시 권선구,2026-01-23,37.245316,126.979499
0000814,신주원,F,2002-06-01,경기,용인시 수지구,2026-01-23,37.297988,127.107774
0000815,황지우,F,1986-07-27,경기,용인시 수지구,2026-01-23,37.338497,127.13371
0000816,윤지훈,F,1997-10-10,경기,용인시 처인구,2026-01-23,37.243072,127.200579
0000817,안서윤,F,1994-08-28,경기,수원시 장안구,2026-01-23,37.340574,127.000033
0000818,조민준,M,2002-12-01,경기,용인시 기흥구,2026-01-23,37.296359,127.089631
0000819,임준서,F,1986-12-17,경기,수원시 권선구,2026-01-23,37.257158,126.950979
0000820,정건우,F,2001-01-07,경기,화성시,2026-01-24,37.181283,126.792227
0000821,윤하은,M,1990-10-25,경기,수원시 영통구,2026-01-24,37.234936,127.037837
0000822,안하은,F,1973-08-23,경기,화성시,2026-01-24,37.195717,126.832044
0000823,임유나,F,1987-06-04,경기,수원시 권선구,2026-01-24,37.264752,126.9614
0000824,안민준,M,1976-01-07,경기,수원시 영통구,2026-01-24,37.242764,127.04406
0000825,한하린,M,1976-01-19,경기,수원시 팔달구,2026-01-25,37.300944,126.992681
0000826,박유나,F,1997-08-02,경기,용인시 기흥구,2026-01-25,37.27978,127.131805
0000827,류하린,F,1972-05-20,경기,화성시,2026-01-25,37.171097,126.859302
0000828,윤수아,M,1986-08-02,경기,수원시 팔달구,2026-01-25,37.302903,127.009999
0000829,서주원,M,1967-03-26,경기,화성시,2026-01-25,37.202183,126.83405
0000830,임현우,M,1997-04-01,경기,용인시 기흥구,2026-01-25,37.266698,127.091937
0000831,한건우,F,1976-03-01,경기,수원시 영통구,2026-01-25,37.250497,127.061277
0000832,임건우,M,2002-03-23,경기,용인시 기흥구,2026-01-25,37.299829,127.098058
0000833,김지훈,F,1977-01-08,경기,화성시,2026-01-25,37.186891,126.830952
0000834,박준서,F,1971-10-29,경기,용인시 수지구,2026-01-26,37.337036,127.126743
0000835,류서연,M,1969-09-20,경기,수원시 장안구,2026-01-26,37.321506,127.018938
0000836,이현우,F,2002-04-23,경기,수원시 영통구,2026-01-26,37.254814,127.028209
0000837,박민준,F,1966-07-27,경기,화성시,2026-01-26,37.2034,126.832664
0000838,류주원,M,1992-04-05,경기,수원시 영통구,2026-01-26,37.257923,127.045865
0000839,조주원,M,1994-08-29,경기,수원시 영통구,2026-01-26,37.273645,127.077435
0000840,신건우,M,1968-05-20,경기,수원시 팔달구,2026-01-26,37.272652,127.033236
0000841,정지호,F,1998-12-27,경기,용인시 기흥구,2026-01-26,37.258194,127.137608
0000842,윤수아,M,1968-06-08,경기,화성시,2026-01-26,37.209592,126.800001
0000843,김건우,M,1976-08-29,경기,수원시 영통구,2026-01-26,37.242372,127.040675
0000844,임수아,M,2000-12-11,경기,수원시 영통구,2026-01-26,37.232062,127.059268
0000845,김지우,F,2004-08-08,경기,수원시 권선구,2026-01-26,37.251141,126.984715
0000846,송도윤,M,1971-06-25,경기,수원시 권선구,2026-01-26,37.260604,126.974713
0000847,한민준,M,1995-08-08,경기,수원시 권선구,2026-01-27,37.28569,126.97158400000001
0000848,신하은,F,1985-06-20,경기,수원시 장안구,2026-01-27,37.283255,126.994377
0000849,조하린,F,1994-07-15,경기,화성시,2026-01-27,37.203216,126.848801
0000850,안준서,M,1990-01-07,경기,용인시 수지구,2026-01-27,37.319666,127.097606
0000851,신지아,M,1995-10-22,경기,용인시 기흥구,2026-01-27,37.289345,127.1062
0000852,정예준,M,1975-07-02,경기,수원시 팔달구,2026-01-27,37.248509,127.014853
0000853,송지호,M,1968-11-19,경기,용인시 기흥구,2026-01-27,37.258029,127.09798
0000854,윤지호,F,1996-04-14,경기,화성시,2026-01-27,37.200034,126.824502
0000855,권채원,F,1966-03-08,경기,용인시 기흥구,2026-01-28,37.280533,127.10352
0000856,정도윤,F,1994-10-14,경기,수원시 영통구,2026-01-28,37.283393,127.059263
0000857,윤지호,F,1995-01-13,경기,용인시 수지구,2026-01-28,37.316487,127.091802
0000858,오주원,M,1994-05-07,경기,수원시 권선구,2026-01-28,37.251685,126.977567
0000859,이예준,M,1999-09-23,경기,수원시 장안구,2026-01-28,37.302543,127.035264
0000860,윤예준,F,1993-02-25,경기,용인시 기흥구,2026-01-29,37.262166,127.127414
0000861,홍하은,F,1994-09-08,경기,용인시 기흥구,2026-01-29,37.271758,127.124525
0000862,최다은,F,1988-02-04,경기,용인시 수지구,2026-01-29,37.329467,127.075469
0000863,신채원,F,1971-01-03,경기,화성시,2026-01-29,37.172748,126.838406
0000864,류다은,F,1965-11-20,경기,수원시 영통구,2026-01-29,37.246844,127.047324
0000865,황도윤,M,1984-10-23,경기,수원시 장안구,2026-01-30,37.293905,127.001014
0000866,조예준,F,1994-12-13,경기,수원시 장안구,2026-01-30,37.307496,127.008194
0000867,서주원,F,1982-10-27,경기,용인시 처인구,2026-01-30,37.22645,127.215322
0000868,권도윤,F,1968-03-31,경기,화성시,2026-01-30,37.221116,126.825135
0000869,정수아,F,1983-11-20,경기,수원시 영통구,2026-01-30,37.294428,127.03445
0000870,류지호,F,1974-05-10,경기,수원시 팔달구,2026-01-30,37.287668,127.030126
0000871,한준서,F,1987-10-19,경기,수원시 권선구,2026-01-30,37.238662,126.965842
0000872,권서윤,F,1982-02-11,경기,화성시,2026-01-31,37.196548,126.832681
0000873,권수아,M,2003-07-27,경기,수원시 장안구,2026-01-31,37.302234,126.995116
0000874,황주원,M,1968-09-16,경기,수원시 장안구,2026-01-31,37.292815,126.995286
0000875,권지우,F,1965-10-30,경기,용인시 처인구,2026-01-31,37.233294,127.20732
0000876,김시우,F,1975-11-16,경기,화성시,2026-01-31,37.207674,126.81887
0000877,최지아,M,1992-10-31,경기,용인시 수지구,2026-01-31,37.322827,127.088458
0000878,한예준,F,1986-08-29,경기,수원시 권선구,2026-01-31,37.227214,126.97146
0000879,한서윤,F,1979-10-06,경기,화성시,2026-01-31,37.182541,126.851401
0000880,오다은,M,1978-06-28,경기,수원시 권선구,2026-01-31,37.256414,126.952438
0000881,정준서,M,1985-10-09,경기,수원시 팔달구,2026-01-31,37.256003,126.999003
0000882,신건우,F,1970-12-17,경기,용인시 수지구,2026-02-01,37.298587,127.091337
0000883,최유나,F,1994-01-27,경기,용인시 처인구,2026-02-01,37.246414,127.202426
0000884,윤다은,M,1998-03-17,경기,수원시 영통구,2026-02-01,37.255083,127.031839
0000885,오다은,M,1976-05-29,경기,용인시 수지구,2026-02-01,37.321522,127.111636
0000886,서지훈,F,1976-06-03,경기,수원시 권선구,2026-02-01,37.273061,126.967834
0000887,한준서,F,1985-09-14,경기,수원시 권선구,2026-02-02,37.252624,126.970138
0000888,강지아,M,1998-08-29,경기,용인시 수지구,2026-02-02,37.325361,127.115862
0000889,황시우,F,1980-05-11,경기,용인시 기흥구,2026-02-02,37.250833,127.111464
0000890,홍서연,M,1980-08-02,경기,수원시 영통구,2026-02-02,37.261178,127.018456
0000891,윤유나,M,1987-11-22,경기,수원시 팔달구,2026-02-02,37.258328,127.037124
0000892,임지아,F,1980-08-11,경기,수원시 권선구,2026-02-02,37.272323,126.969964
0000893,윤현우,F,2001-01-23,경기,수원시 영통구,2026-02-02,37.252148,127.032017
0000894,정지우,M,1972-05-25,경기,용인시 기흥구,2026-02-02,37.28211,127.110461
0000895,최채원,M,1966-10-25,경기,용인시 기흥구,2026-02-02,37.25884,127.158234
0000896,박지아,M,2001-12-14,경기,용인시 수지구,2026-02-02,37.294627,127.085786
0000897,조채원,F,1967-06-29,경기,수원시 장안구,2026-02-02,37.307514,127.022455
0000898,강시우,F,1989-07-13,경기,용인시 수지구,2026-02-03,37.347597,127.095782
0000899,정지호,F,1970-12-25,경기,용인시 처인구,2026-02-03,37.226907,127.195699
0000900,강하은,F,1981-01-09,경기,화성시,2026-02-03,37.202134,126.832674
0000901,이하은,F,1965-12-28,경기,용인시 기흥구,2026-02-03,37.282943,127.148221
0000902,윤준서,M,1988-03-30,경기,용인시 수지구,2026-02-03,37.342513,127.083212
0000903,조지아,M,1965-10-03,경기,화성시,2026-02-03,37.178481,126.845258
0000904,홍도윤,M,1967-01-21,경기,수원시 권선구,2026-02-03,37.254888,126.956349
0000905,한민준,F,1997-04-24,경기,수원시 권선구,2026-02-04,37.264111,126.971707
0000906,이하은,F,1990-05-15,경기,용인시 처인구,2026-02-04,37.254194,127.209055
0000907,정민준,M,2003-06-29,경기,용인시 처인구,2026-02-04,37.272245,127.202695
0000908,윤준서,M,1992-01-30,경기,수원시 팔달구,2026-02-04,37.288662,127.033931
0000909,홍수아,M,1977-12-15,경기,수원시 장안구,2026-02-04,37.300363,127.007041
0000910,장주원,F,1971-03-09,경기,용인시 기흥구,2026-02-04,37.2582,127.086312
0000911,조시우,F,1972-08-23,경기,용인시 처인구,2026-02-04,37.193081,127.187628
0000912,송도윤,F,1986-06-22,경기,용인시 수지구,2026-02-04,37.290518,127.116034
0000913,정건우,F,1978-06-08,경기,수원시 권선구,2026-02-04,37.273995,126.965186
0000914,최수아,M,1999-09-13,경기,용인시 수지구,2026-02-04,37.327259,127.104961
0000915,신유나,F,1970-01-28,경기,수원시 팔달구,2026-02-04,37.287633,127.007095
0000916,강지훈,M,1976-07-30,경기,용인시 기흥구,2026-02-04,37.279841,127.115133
0000917,홍유나,F,1979-08-03,경기,수원시 장안구,2026-02-04,37.310824,127.030293
0000918,김유나,F,1991-12-25,경기,용인시 처인구,2026-02-04,37.234485,127.176052
0000919,김준서,F,1979-07-16,경기,수원시 영통구,2026-02-04,37.243816,127.053553
0000920,서지호,F,1966-07-17,경기,화성시,2026-02-04,37.192417,126.841412
0000921,송서연,F,1997-02-09,경기,수원시 영통구,2026-02-05,37.237007,127.043633
0000922,안시우,F,1990-11-27,경기,화성시,2026-02-05,37.197063,126.835504
0000923,윤현우,F,1977-04-02,경기,용인시 기흥구,2026-02-05,37.300315,127.122563
0000924,강유나,F,1998-04-24,경기,용인시 처인구,2026-02-05,37.241436,127.224092
0000925,조수아,F,1997-05-17,경기,용인시 수지구,2026-02-05,37.328057,127.131384
0000926,정서윤,F,2003-10-15,경기,용인시 기흥구,2026-02-05,37.290135,127.120663
0000927,조하린,F,1970-06-17,경기,화성시,2026-02-06,37.194882,126.816641
0000928,송서윤,M,2003-03-19,경기,수원시 권선구,2026-02-06,37.2524,126.956204
0000929,송건우,M,1987-12-03,경기,수원시 영통구,2026-02-06,37.261264,127.025177
0000930,오서연,F,1975-12-25,경기,수원시 권선구,2026-02-06,37.275774,126.994572
0000931,한민준,M,2004-10-20,경기,용인시 수지구,2026-02-06,37.30854,127.09752
0000932,임지훈,F,1974-06-07,경기,수원시 영통구,2026-02-06,37.313218,127.070149
0000933,박지아,M,1977-11-15,경기,화성시,2026-02-06,37.213571,126.793962
0000934,최예준,M,1967-03-23,경기,용인시 수지구,2026-02-06,37.340717,127.088568
0000935,한지훈,F,1991-08-03,경기,수원시 장안구,2026-02-06,37.320652,127.021684
0000936,정다은,F,1989-01-15,경기,화성시,2026-02-06,37.185042,126.825843
0000937,김시우,F,1998-07-18,경기,화성시,2026-02-06,37.189377,126.804345
0000938,신도윤,M,2003-05-30,경기,용인시 처인구,2026-02-07,37.228028,127.201698
0000939,류채원,F,1984-05-29,경기,화성시,2026-02-07,37.225706,126.811836
0000940,강주원,M,2004-04-30,경기,수원시 장안구,2026-02-07,37.310496,127.0146
0000941,박하은,M,1991-08-20,경기,화성시,2026-02-07,37.203741,126.864152
0000942,오유나,F,1994-08-23,경기,수원시 권선구,2026-02-07,37.258188,127.008186
0000943,윤지호,F,1973-11-06,경기,수원시 영통구,2026-02-07,37.247558,127.04884
0000944,서하린,F,2002-12-17,경기,수원시 권선구,2026-02-07,37.258274,126.948896
0000945,한도윤,M,2000-09-25,경기,수원시 장안구,2026-02-07,37.277548,127.014496
0000946,한주원,M,1980-05-03,경기,수원시 영통구,2026-02-07,37.263581,127.042575
0000947,정다은,F,1998-12-11,경기,용인시 수지구,2026-02-07,37.333438,127.091858
0000948,황다은,M,1995-06-14,경기,화성시,2026-02-07,37.192198,126.826258
0000949,황도윤,F,1985-08-24,경기,수원시 영통구,2026-02-07,37.24598,127.043255
0000950,권다은,M,1999-02-26,경기,수원시 영통구,2026-02-07,37.265207,127.071344
0000951,안하은,M,1966-04-22,경기,수원시 권선구,2026-02-07,37.247115,126.97417
0000952,최수아,F,1984-10-21,경기,화성시,2026-02-07,37.204063,126.833114
0000953,최도윤,F,1973-04-19,경기,수원시 팔달구,2026-02-07,37.282524,127.005952
0000954,류서연,F,1983-08-08,경기,수원시 권선구,2026-02-07,37.246987,126.985405
0000955,김건우,M,1982-08-16,경기,용인시 기흥구,2026-02-08,37.284149,127.10179
0000956,신지아,F,2003-11-06,경기,용인시 기흥구,2026-02-08,37.283136,127.127779
0000957,최채원,F,1977-04-30,경기,수원시 영통구,2026-02-08,37.267987,127.030256
0000958,최서연,M,1998-12-15,경기,수원시 장안구,2026-02-08,37.309525,127.01527
0000959,조수아,M,1969-05-21,경기,수원시 영통구,2026-02-08,37.252933,127.055033
0000960,정민준,F,1969-04-18,경기,수원시 팔달구,2026-02-08,37.292298,127.011286
0000961,오예준,F,1977-10-01,경기,수원시 영통구,2026-02-08,37.245867,127.058776
0000962,정지아,F,1966-12-23,경기,수원시 영통구,2026-02-08,37.262965,127.068811
0000963,박도윤,M,1992-07-03,경기,수원시 팔달구,2026-02-08,37.282338,127.03611
0000964,강지호,M,1995-11-08,경기,용인시 기흥구,2026-02-09,37.262517,127.122565
0000965,신지우,F,1994-09-15,경기,수원시 영통구,2026-02-09,37.270029,127.077414
0000966,오채원,M,1970-12-19,경기,화성시,2026-02-09,37.197362,126.820032
0000967,장도윤,M,2004-03-25,경기,수원시 영통구,2026-02-09,37.253399,127.044648
0000968,최건우,M,1979-04-08,경기,용인시 수지구,2026-02-09,37.311047,127.084841
0000969,정도윤,M,1972-07-21,경기,수원시 장안구,2026-02-09,37.281722,127.01795
0000970,임서윤,M,1968-07-18,경기,화성시,2026-02-09,37.21837,126.813367
0000971,서시우,M,1985-06-03,경기,수원시 영통구,2026-02-09,37.26738,127.071067
0000972,강수아,M,1985-03-14,경기,수원시 영통구,2026-02-10,37.260976,127.0521
0000973,김민준,F,1978-03-04,경기,화성시,2026-02-10,37.206423,126.817166
0000974,이하은,F,1982-01-30,경기,수원시 권선구,2026-02-10,37.260531,126.986334
0000975,황시우,M,1990-01-21,경기,용인시 기흥구,2026-02-10,37.279621,127.107827
0000976,오하린,M,1996-06-24,경기,수원시 영통구,2026-02-10,37.248132,127.027203
0000977,오지우,F,1977-02-19,경기,수원시 권선구,2026-02-10,37.247159,126.955378
0000978,이채원,M,1994-02-17,경기,용인시 수지구,2026-02-10,37.319866,127.076723
0000979,오지아,M,1973-10-09,경기,수원시 권선구,2026-02-10,37.259979,126.956584
0000980,홍하은,M,1976-06-10,경기,수원시 영통구,2026-02-10,37.278861,127.038072
0000981,신서윤,M,1997-06-12,경기,용인시 수지구,2026-02-10,37.299503,127.093545
0000982,오수아,F,1978-12-24,경기,용인시 수지구,2026-02-11,37.342237,127.104559
0000983,송지아,F,1965-10-02,경기,화성시,2026-02-11,37.200459,126.822608
0000984,홍건우,M,1976-04-01,경기,화성시,2026-02-11,37.218518,126.841958
0000985,강지훈,M,1992-12-31,경기,용인시 기흥구,2026-02-11,37.286192,127.118067
0000986,강하은,M,1978-02-05,경기,수원시 권선구,2026-02-11,37.232549,126.972812
0000987,윤도윤,M,1965-04-19,경기,수원시 영통구,2026-02-11,37.263638,127.046839
0000988,강유나,F,1992-01-29,경기,용인시 수지구,2026-02-11,37.293487,127.10557
0000989,박서윤,M,1991-07-14,경기,용인시 수지구,2026-02-11,37.306337,127.092542
0000990,권도윤,M,1987-12-01,경기,수원시 장안구,2026-02-11,37.293249,127.026546
0000991,송수아,F,1982-02-02,경기,수원시 장안구,2026-02-11,37.280991,127.016946
0000992,이서윤,M,1986-08-28,경기,용인시 기흥구,2026-02-11,37.287086,127.131973
0000993,조수아,M,1982-06-08,경기,수원시 팔달구,2026-02-11,37.26586,127.031667
0000994,홍유나,M,1997-03-01,경기,용인시 수지구,2026-02-11,37.330423,127.11205
0000995,안채원,F,1993-04-19,경기,용인시 기흥구,2026-02-11,37.280022,127.1154
0000996,이유나,F,1993-12-16,경기,용인시 기흥구,2026-02-12,37.276944,127.142875
0000997,송지우,F,1980-12-01,경기,화성시,2026-02-12,37.189491,126.854495
0000998,안지아,M,1972-07-31,경기,용인시 수지구,2026-02-12,37.302876,127.124168
0000999,정서연,F,1998-04-03,경기,수원시 장안구,2026-02-12,37.308097,126.995818
0001000,신민준,M,2004-02-25,경기,수원시 장안구,2026-02-12,37.302066,126.992013
0001001,홍건우,F,1999-06-02,경기,수원시 팔달구,2026-02-12,37.321195,127.023934
0001002,오현우,F,2004-03-07,경기,용인시 처인구,2026-02-12,37.247639,127.193267
0001003,안건우,F,1987-05-04,경기,화성시,2026-02-12,37.233738,126.818327
0001004,홍유나,F,1996-02-05,경기,수원시 팔달구,2026-02-12,37.258077,127.012121
0001005,정채원,F,1966-04-29,경기,용인시 수지구,2026-02-12,37.314131,127.096327
0001006,정민준,M,1970-08-27,경기,용인시 수지구,2026-02-12,37.332319,127.075684
0001007,강예준,M,1992-11-11,경기,용인시 처인구,2026-02-12,37.240751,127.217751
0001008,임지호,M,1981-07-02,경기,화성시,2026-02-13,37.219841,126.844963
0001009,송지호,M,1983-04-18,경기,용인시 수지구,2026-02-13,37.322797,127.110668
0001010,서민준,M,1977-08-01,경기,수원시 장안구,2026-02-13,37.299895,127.013669
0001011,송시우,M,2001-05-19,경기,수원시 권선구,2026-02-13,37.223175,126.996368
0001012,윤지아,M,1975-08-21,경기,수원시 영통구,2026-02-13,37.255329,127.048727
0001013,윤예준,F,1972-08-25,경기,수원시 권선구,2026-02-13,37.269905,126.94868
0001014,조시우,F,1978-01-02,경기,수원시 권선구,2026-02-13,37.272024,126.984648
0001015,황건우,F,1995-09-18,경기,용인시 기흥구,2026-02-13,37.297383,127.106077
0001016,임다은,F,1998-02-05,경기,화성시,2026-02-13,37.193196,126.863338
0001017,박예준,M,1996-11-18,경기,수원시 영통구,2026-02-13,37.249294,127.047416
0001018,한지훈,F,1982-08-09,경기,용인시 수지구,2026-02-13,37.311155,127.101673
0001019,최건우,F,1978-05-19,경기,수원시 영통구,2026-02-14,37.259585,127.05694
0001020,최지호,M,2001-10-13,경기,용인시 수지구,2026-02-14,37.326739,127.130473
0001021,장건우,F,1996-08-17,경기,화성시,2026-02-14,37.206561,126.81613
0001022,박주원,M,1985-02-25,경기,용인시 기흥구,2026-02-14,37.29387,127.124009
0001023,강도윤,F,1996-03-10,경기,수원시 권선구,2026-02-14,37.252867,127.002223
0001024,정지아,M,1998-12-09,경기,화성시,2026-02-14,37.187974,126.841232
0001025,최지우,M,1969-05-27,경기,용인시 수지구,2026-02-14,37.310682,127.073808
0001026,최예준,F,1967-02-11,경기,수원시 권선구,2026-02-14,37.263544,126.94858
0001027,조도윤,F,1971-01-06,경기,용인시 수지구,2026-02-14,37.3348,127.111469
0001028,오준서,M,1970-05-27,경기,수원시 권선구,2026-02-14,37.26986,126.971799
0001029,조시우,F,2001-11-25,경기,수원시 팔달구,2026-02-14,37.297134,127.01955
0001030,조수아,F,1996-09-24,경기,수원시 영통구,2026-02-15,37.24457,127.051126
0001031,박지호,M,1989-09-14,경기,용인시 수지구,2026-02-15,37.299473,127.089218
0001032,최시우,M,1972-12-04,경기,용인시 기흥구,2026-02-15,37.282308,127.123215
0001033,최지우,M,1995-12-28,경기,수원시 영통구,2026-02-15,37.253167,127.060024
0001034,송시우,F,1977-04-24,경기,수원시 권선구,2026-02-15,37.257004,126.948401
0001035,최지아,M,1986-12-26,경기,수원시 장안구,2026-02-15,37.300417,127.020636
0001036,강준서,M,1974-04-06,경기,용인시 처인구,2026-02-15,37.235436,127.169869
0001037,류시우,F,1996-08-11,경기,화성시,2026-02-15,37.190738,126.842389
0001038,임현우,F,1988-04-30,경기,용인시 기흥구,2026-02-15,37.288813,127.103774
0001039,장하은,F,2000-02-29,경기,수원시 장안구,2026-02-15,37.285822,126.995315
0001040,임수아,M,1979-10-11,경기,수원시 영통구,2026-02-15,37.246953,127.053612
0001041,황시우,M,1994-09-06,경기,용인시 기흥구,2026-02-15,37.297593,127.100329
0001042,류지우,F,1990-07-15,경기,용인시 처인구,2026-02-15,37.246495,127.199423
0001043,이유나,M,1968-07-10,경기,용인시 수지구,2026-02-15,37.320398,127.074136
0001044,윤서연,M,1996-05-09,경기,수원시 권선구,2026-02-15,37.242393,126.98424
0001045,오하은,M,1993-01-10,경기,용인시 수지구,2026-02-16,37.324755,127.107961
0001046,최지아,F,1972-09-20,경기,수원시 영통구,2026-02-16,37.301216,127.058014
0001047,조서연,M,1992-05-27,경기,용인시 수지구,2026-02-16,37.296857,127.101665
0001048,서현우,M,1979-10-01,경기,용인시 기흥구,2026-02-16,37.297048,127.1208
0001049,오수아,F,1999-10-01,경기,수원시 장안구,2026-02-16,37.273818,127.019747
0001050,안현우,M,1990-01-22,경기,용인시 수지구,2026-02-16,37.31996,127.104263
0001051,정서윤,F,1989-04-25,경기,화성시,2026-02-16,37.182254,126.816028
0001052,송지호,F,1984-01-08,경기,용인시 수지구,2026-02-16,37.303091,127.110789
0001053,장준서,F,1967-04-03,경기,화성시,2026-02-16,37.190092,126.824538
0001054,최하린,F,1985-08-21,경기,수원시 장안구,2026-02-17,37.287925,126.992985
0001055,권도윤,F,1974-11-21,경기,용인시 수지구,2026-02-17,37.302796,127.095871
0001056,오시우,M,1994-12-08,경기,용인시 기흥구,2026-02-17,37.276157,127.108104
0001057,장하린,M,1979-07-17,경기,용인시 기흥구,2026-02-17,37.276603,127.109722
0001058,조민준,M,1967-07-14,경기,용인시 수지구,2026-02-17,37.336098,127.095761
0001059,조민준,M,1970-04-02,경기,수원시 권선구,2026-02-17,37.258713,126.968008
0001060,윤민준,M,1979-05-31,경기,수원시 권선구,2026-02-17,37.256175,126.991433
0001061,류채원,M,1979-08-31,경기,용인시 처인구,2026-02-18,37.229374,127.169189
0001062,장주원,F,1988-10-03,경기,용인시 수지구,2026-02-18,37.297539,127.123947
0001063,오하린,M,1994-10-21,경기,용인시 수지구,2026-02-18,37.304446,127.099664
0001064,김지호,M,1970-08-31,경기,수원시 장안구,2026-02-18,37.320215,127.02988
0001065,안유나,F,1980-05-30,경기,수원시 권선구,2026-02-18,37.252859,126.930068
0001066,안하린,F,2003-01-29,경기,용인시 수지구,2026-02-18,37.295532,127.121402
0001067,신지우,F,1987-05-11,경기,용인시 기흥구,2026-02-18,37.304003,127.088565
0001068,이예준,M,1981-01-21,경기,수원시 권선구,2026-02-18,37.269959,126.95025
0001069,김주원,F,1985-01-15,경기,수원시 영통구,2026-02-18,37.24144,127.065292
0001070,이주원,M,1981-11-23,경기,수원시 영통구,2026-02-19,37.263163,127.050508
0001071,한현우,F,1988-02-04,경기,수원시 영통구,2026-02-19,37.2443,127.046495
0001072,황서윤,F,1975-02-05,경기,용인시 수지구,2026-02-19,37.327039,127.09714
0001073,임유나,F,1998-03-14,경기,용인시 수지구,2026-02-19,37.31467,127.11704
0001074,황도윤,F,1987-12-31,경기,용인시 처인구,2026-02-19,37.238912,127.19194
0001075,신준서,M,1997-10-31,경기,용인시 기흥구,2026-02-19,37.277479,127.100867
0001076,장유나,F,2004-05-29,경기,수원시 영통구,2026-02-19,37.275411,127.029853
0001077,최시우,M,1967-03-05,경기,수원시 영통구,2026-02-19,37.264159,127.025667
0001078,한민준,M,1977-12-03,경기,수원시 영통구,2026-02-19,37.258117,127.069588
0001079,서서윤,F,1998-07-22,경기,용인시 수지구,2026-02-19,37.316199,127.072987
0001080,강유나,F,1981-05-08,경기,수원시 팔달구,2026-02-19,37.281512,127.009672
0001081,류주원,F,1986-03-11,경기,용인시 처인구,2026-02-19,37.236702,127.217112
0001082,류서윤,F,1976-08-02,경기,용인시 수지구,2026-02-19,37.313365,127.102559
0001083,조도윤,F,1986-06-12,경기,수원시 영통구,2026-02-19,37.241279,127.04119
0001084,서도윤,M,1995-02-12,경기,화성시,2026-02-20,37.191034,126.850352
0001085,권다은,M,1965-11-02,경기,수원시 영통구,2026-02-20,37.254811,127.068254
0001086,윤다은,F,1975-06-10,경기,수원시 팔달구,2026-02-20,37.278277,127.020848
0001087,김준서,M,1998-02-20,경기,용인시 수지구,2026-02-20,37.318183,127.11169
0001088,안수아,F,1973-03-12,경기,용인시 처인구,2026-02-20,37.21093,127.20676
0001089,최도윤,M,1980-09-21,경기,용인시 수지구,2026-02-20,37.302031,127.106459
0001090,이주원,M,1975-05-05,경기,수원시 팔달구,2026-02-21,37.269282,127.008527
0001091,권수아,M,1985-03-31,경기,수원시 권선구,2026-02-21,37.267245,126.972041
0001092,이도윤,M,1972-09-09,경기,용인시 수지구,2026-02-21,37.324059,127.069859
0001093,윤예준,M,1991-07-16,경기,용인시 수지구,2026-02-21,37.322636,127.075093
0001094,김지우,F,1997-05-16,경기,용인시 수지구,2026-02-21,37.308135,127.087543
0001095,류지아,M,1970-10-28,경기,수원시 영통구,2026-02-21,37.266475,127.083212
0001096,신도윤,M,1965-09-05,경기,화성시,2026-02-21,37.192001,126.819076
0001097,박도윤,F,1993-05-05,경기,수원시 권선구,2026-02-21,37.239671,126.988695
0001098,정하린,M,1987-02-15,경기,수원시 팔달구,2026-02-21,37.298607,127.015517
0001099,윤하린,F,1981-02-22,경기,용인시 기흥구,2026-02-21,37.299998,127.101085
0001100,한준서,M,1983-07-25,경기,용인시 기흥구,2026-02-22,37.289236,127.121194
0001101,류도윤,M,1970-08-21,경기,수원시 팔달구,2026-02-22,37.290567,127.011773
0001102,박채원,M,1971-07-31,경기,수원시 장안구,2026-02-22,37.323139,127.027955
0001103,류준서,M,1992-09-09,경기,용인시 기흥구,2026-02-22,37.262323,127.124439
0001104,송현우,F,1971-08-29,경기,화성시,2026-02-22,37.200304,126.827762
0001105,조다은,M,1970-06-01,경기,용인시 기흥구,2026-02-22,37.280066,127.095945
0001106,김도윤,M,1975-07-24,경기,용인시 처인구,2026-02-22,37.247148,127.225859
0001107,이서윤,M,1978-08-06,경기,용인시 수지구,2026-02-22,37.335493,127.088448
0001108,홍하은,F,1970-07-28,경기,화성시,2026-02-23,37.203329,126.843939
0001109,신유나,F,1999-10-27,경기,수원시 영통구,2026-02-23,37.292067,127.050984
0001110,오유나,M,1994-07-09,경기,수원시 영통구,2026-02-23,37.224852,127.059291
0001111,최지호,M,1967-05-15,경기,수원시 영통구,2026-02-23,37.249403,127.072296
0001112,강유나,F,1970-02-08,경기,수원시 영통구,2026-02-23,37.250266,127.054038
0001113,강지호,M,1972-12-03,경기,수원시 장안구,2026-02-23,37.279955,127.029344
0001114,임채원,M,1968-01-25,경기,수원시 팔달구,2026-02-23,37.277768,127.017382
0001115,이도윤,M,2001-08-02,경기,화성시,2026-02-24,37.180529,126.798249
0001116,류주원,M,1969-07-31,경기,수원시 영통구,2026-02-24,37.252774,127.057931
0001117,강준서,M,2000-05-13,경기,수원시 영통구,2026-02-24,37.240008,127.04457
0001118,안채원,M,1976-12-31,경기,수원시 영통구,2026-02-24,37.240098,127.059513
0001119,송서윤,F,1971-12-11,경기,용인시 처인구,2026-02-24,37.25056,127.174176
0001120,강지우,M,1975-03-04,경기,용인시 기흥구,2026-02-24,37.297144,127.132115
0001121,이지호,M,1985-12-11,경기,수원시 장안구,2026-02-24,37.313826,127.007225
0001122,황서윤,M,1986-08-27,경기,화성시,2026-02-24,37.227807,126.82386
0001123,최하린,F,1997-03-23,경기,수원시 팔달구,2026-02-25,37.264321,127.011763
0001124,이다은,M,1982-09-22,경기,수원시 영통구,2026-02-25,37.273641,127.057336
0001125,오현우,F,1982-06-24,경기,수원시 장안구,2026-02-25,37.286109,127.005759
0001126,권현우,F,1996-11-20,경기,수원시 권선구,2026-02-25,37.266736,127.002325
0001127,서채원,F,1983-08-14,경기,수원시 권선구,2026-02-25,37.285185,126.982815
0001128,신지우,F,1997-04-23,경기,수원시 영통구,2026-02-25,37.259315,127.049816
0001129,서지훈,M,1988-06-11,경기,화성시,2026-02-25,37.208538,126.843204
0001130,장채원,F,1978-11-23,경기,용인시 처인구,2026-02-25,37.220966,127.202701
0001131,이서윤,M,1986-01-04,경기,수원시 권선구,2026-02-25,37.249207,126.987648
0001132,안예준,M,1999-06-15,경기,용인시 기흥구,2026-02-25,37.281515,127.107265
0001133,김지우,M,1992-02-14,경기,용인시 처인구,2026-02-26,37.231788,127.185301
0001134,서예준,M,1996-01-03,경기,화성시,2026-02-26,37.181608,126.847352
0001135,윤현우,M,1970-09-08,경기,용인시 기흥구,2026-02-26,37.278678,127.140236
0001136,오도윤,M,1978-09-04,경기,화성시,2026-02-26,37.203708,126.841503
0001137,한도윤,M,1981-04-12,경기,용인시 수지구,2026-02-26,37.312462,127.11236
0001138,신서연,F,1998-08-24,경기,수원시 영통구,2026-02-26,37.242827,127.063077
0001139,한예준,M,1975-11-04,경기,화성시,2026-02-26,37.213487,126.859548
0001140,장서윤,F,1997-07-12,경기,용인시 수지구,2026-02-26,37.347418,127.081079
0001141,신지아,F,1991-02-02,경기,용인시 수지구,2026-02-27,37.317295,127.10777
0001142,류민준,F,1970-05-24,경기,용인시 기흥구,2026-02-27,37.267119,127.11164
0001143,황수아,F,1997-10-25,경기,용인시 수지구,2026-02-27,37.321014,127.102699
0001144,임다은,F,1994-11-16,경기,용인시 수지구,2026-02-27,37.319118,127.09731
0001145,서서연,M,1981-02-25,경기,용인시 기흥구,2026-02-27,37.262368,127.110503
0001146,조예준,M,1992-02-01,경기,수원시 팔달구,2026-02-27,37.28697,127.017032
0001147,홍하린,M,1981-03-21,경기,수원시 영통구,2026-02-27,37.265151,127.053543
0001148,오주원,F,1987-08-03,경기,용인시 기흥구,2026-02-27,37.275329,127.093648
0001149,오다은,M,1979-09-14,경기,수원시 장안구,2026-02-27,37.286989,127.012835
0001150,박유나,F,1997-07-05,경기,용인시 처인구,2026-02-27,37.2262,127.186099
0001151,정민준,F,1997-09-28,경기,수원시 권선구,2026-02-27,37.271732,126.940792
0001152,류하은,M,1973-01-12,경기,용인시 처인구,2026-02-27,37.214097,127.207706
0001153,권건우,M,1980-02-10,경기,수원시 권선구,2026-02-27,37.231651,127.011289
0001154,송현우,F,1989-10-16,경기,수원시 권선구,2026-02-27,37.254769,126.942149
0001155,한지훈,F,1992-12-14,경기,수원시 권선구,2026-02-28,37.259695,126.962688
0001156,조서윤,M,1989-08-21,경기,용인시 수지구,2026-02-28,37.347453,127.092298
0001157,송서윤,F,1980-07-10,경기,화성시,2026-02-28,37.201742,126.81423
0001158,정준서,F,1984-07-14,경기,용인시 수지구,2026-02-28,37.29098,127.10647
0001159,황수아,M,1972-07-28,경기,화성시,2026-02-28,37.212692,126.83056
0001160,강준서,M,2000-05-22,경기,수원시 팔달구,2026-02-28,37.275519,127.037067
0001161,정준서,F,1979-12-06,경기,수원시 영통구,2026-02-28,37.245915,127.04683
0001162,이지아,F,1989-07-16,경기,용인시 수지구,2026-02-28,37.349724,127.081161
0001163,윤서윤,F,1974-04-13,경기,수원시 장안구,2026-02-28,37.315268,127.031814
0001164,한유나,F,1990-07-27,경기,수원시 권선구,2026-02-28,37.243936,126.959498
0001165,윤현우,M,2002-12-18,경기,수원시 권선구,2026-02-28,37.249576,126.990291
0001166,신유나,F,1972-05-20,경기,수원시 영통구,2026-02-28,37.283339,127.051496
0001167,최채원,M,1990-06-29,경기,수원시 팔달구,2026-03-01,37.275631,127.018075
0001168,송민준,F,1973-12-26,경기,용인시 기흥구,2026-03-01,37.28624,127.111969
0001169,송현우,M,1977-06-30,경기,용인시 기흥구,2026-03-01,37.305722,127.114824
0001170,이지아,F,1989-09-22,경기,수원시 권선구,2026-03-01,37.260443,126.98363
0001171,홍예준,F,1976-12-18,경기,수원시 팔달구,2026-03-02,37.302067,127.037235
0001172,최건우,M,1993-12-07,경기,수원시 권선구,2026-03-02,37.284548,126.986193
0001173,송하린,F,1999-02-26,경기,용인시 기흥구,2026-03-02,37.307851,127.105059
0001174,신시우,M,1978-12-16,경기,용인시 처인구,2026-03-02,37.216352,127.215546
0001175,이지호,M,1989-06-20,경기,수원시 영통구,2026-03-02,37.263019,127.043591
0001176,권예준,F,1970-07-08,경기,수원시 권선구,2026-03-02,37.243113,126.963209
0001177,최건우,F,1982-06-05,경기,용인시 기흥구,2026-03-02,37.310588,127.123863
0001178,권주원,M,1990-08-31,경기,수원시 장안구,2026-03-02,37.30552,126.996342
0001179,서다은,F,1969-02-08,경기,용인시 처인구,2026-03-02,37.26317,127.194989
0001180,한건우,F,1997-04-09,경기,수원시 권선구,2026-03-02,37.230346,126.964517
0001181,황준서,M,1997-01-09,경기,수원시 권선구,2026-03-02,37.275338,126.973044
0001182,한도윤,F,1973-04-21,경기,수원시 영통구,2026-03-02,37.280866,127.053581
0001183,이서윤,M,1995-05-08,경기,용인시 기흥구,2026-03-03,37.267757,127.126785
0001184,조도윤,F,1990-03-11,경기,수원시 장안구,2026-03-03,37.328354,127.023028
0001185,윤서연,F,1995-12-16,경기,수원시 장안구,2026-03-03,37.295305,127.002216
0001186,권준서,M,1987-03-30,경기,수원시 권선구,2026-03-03,37.271393,126.942321
0001187,임건우,M,1980-04-13,경기,수원시 권선구,2026-03-03,37.265519,126.960237
0001188,윤민준,F,1999-02-14,경기,수원시 장안구,2026-03-03,37.317659,127.001409
0001189,송유나,M,2002-11-16,경기,용인시 처인구,2026-03-04,37.246712,127.223761
0001190,서예준,M,1989-08-15,경기,수원시 권선구,2026-03-04,37.23523,126.986211
0001191,류지훈,F,1984-05-31,경기,수원시 장안구,2026-03-04,37.308599,127.015359
0001192,김민준,M,1984-05-18,경기,수원시 영통구,2026-03-04,37.261511,127.043614
0001193,이건우,M,1988-03-04,경기,수원시 장안구,2026-03-04,37.317173,127.004576
0001194,권다은,M,1989-06-17,경기,용인시 수지구,2026-03-04,37.308464,127.104417
0001195,조하은,M,1994-07-20,경기,화성시,2026-03-04,37.176283,126.843622
0001196,강하은,F,1987-08-25,경기,수원시 팔달구,2026-03-04,37.276511,127.00974
0001197,권시우,F,1966-11-10,경기,수원시 팔달구,2026-03-04,37.263631,127.001741
0001198,최지우,F,2002-09-01,경기,화성시,2026-03-05,37.211937,126.844567
0001199,권다은,F,1976-12-25,경기,수원시 영통구,2026-03-05,37.262984,127.038155
0001200,윤지우,M,1974-07-14,경기,용인시 수지구,2026-03-05,37.302904,127.091343
0001201,조지호,F,1974-09-17,경기,수원시 팔달구,2026-03-05,37.277465,127.029807
0001202,류도윤,F,2001-03-22,경기,수원시 영통구,2026-03-05,37.243037,127.029616
0001203,서지호,F,1997-04-13,경기,용인시 기흥구,2026-03-05,37.275953,127.115368
0001204,조서연,M,1989-12-02,경기,용인시 기흥구,2026-03-05,37.238625,127.100367
0001205,권지훈,M,1994-06-02,경기,화성시,2026-03-05,37.195366,126.800017
0001206,류서윤,M,1984-04-28,경기,수원시 권선구,2026-03-05,37.244196,126.969444
0001207,임채원,M,1990-07-15,경기,수원시 팔달구,2026-03-05,37.257587,127.037505
0001208,이유나,F,2002-05-18,경기,수원시 권선구,2026-03-06,37.263513,126.944914
0001209,홍지호,F,1966-10-20,경기,용인시 기흥구,2026-03-06,37.280672,127.130254
0001210,류유나,F,1998-02-24,경기,수원시 팔달구,2026-03-06,37.283594,127.000143
0001211,권채원,M,1966-07-12,경기,용인시 기흥구,2026-03-06,37.269912,127.110699
0001212,한유나,M,1988-06-01,경기,용인시 처인구,2026-03-06,37.252447,127.203446
0001213,장시우,M,1977-04-30,경기,수원시 영통구,2026-03-06,37.296619,127.044661
0001214,조하린,M,1969-05-04,경기,용인시 처인구,2026-03-06,37.215413,127.200136
0001215,홍수아,F,1980-04-05,경기,용인시 기흥구,2026-03-06,37.279649,127.069551
0001216,이서연,F,2003-05-16,경기,용인시 기흥구,2026-03-07,37.298126,127.117152
0001217,류유나,M,2002-07-07,경기,수원시 영통구,2026-03-07,37.262225,127.030451
0001218,장도윤,M,1966-12-26,경기,수원시 영통구,2026-03-07,37.265565,127.043698
0001219,박수아,F,1986-12-08,경기,수원시 팔달구,2026-03-07,37.256156,127.032127
0001220,박민준,F,1978-08-09,경기,수원시 권선구,2026-03-07,37.243593,126.947634
0001221,최현우,M,1976-12-12,경기,화성시,2026-03-07,37.210165,126.834654
0001222,강유나,F,2001-01-19,경기,수원시 영통구,2026-03-07,37.260569,127.042542
0001223,권준서,F,1969-09-28,경기,수원시 권선구,2026-03-07,37.269698,127.001955
0001224,황예준,M,1971-06-21,경기,수원시 영통구,2026-03-07,37.284125,127.059151
0001225,김지호,F,2002-05-13,경기,용인시 수지구,2026-03-07,37.326259,127.113212
0001226,김다은,M,1970-04-09,경기,화성시,2026-03-07,37.204292,126.841864
0001227,신지훈,F,1982-09-24,경기,화성시,2026-03-07,37.203,126.813984
0001228,강수아,M,1986-07-09,경기,화성시,2026-03-07,37.192352,126.823145
0001229,안수아,F,1975-12-23,경기,용인시 수지구,2026-03-07,37.318088,127.125616
0001230,윤채원,F,1988-06-23,경기,수원시 권선구,2026-03-08,37.273519,126.96425
0001231,윤지우,M,1973-12-29,경기,수원시 권선구,2026-03-08,37.236259,126.996368
0001232,김건우,M,2000-07-12,경기,화성시,2026-03-08,37.226139,126.82048
0001233,황시우,M,2002-07-03,경기,용인시 기흥구,2026-03-08,37.2599,127.126425
0001234,류주원,M,1966-10-31,경기,수원시 장안구,2026-03-08,37.305189,127.023481
0001235,정다은,F,1975-09-14,경기,용인시 기흥구,2026-03-08,37.286172,127.101862
0001236,이채원,M,1992-12-21,경기,용인시 기흥구,2026-03-08,37.308459,127.118653
0001237,황주원,F,1969-02-01,경기,용인시 처인구,2026-03-08,37.236221,127.209562
0001238,서예준,F,1979-09-07,경기,수원시 팔달구,2026-03-09,37.277894,127.032052
0001239,최지아,M,1987-06-27,경기,수원시 장안구,2026-03-09,37.303118,127.016095
0001240,이주원,M,1965-10-11,경기,수원시 팔달구,2026-03-09,37.293578,127.037553
0001241,김유나,M,1995-08-06,경기,수원시 권선구,2026-03-09,37.260631,126.977958
0001242,신준서,F,1974-08-07,경기,용인시 기흥구,2026-03-09,37.286346,127.119599
0001243,한주원,M,1975-11-28,경기,수원시 장안구,2026-03-09,37.313748,126.996369
0001244,신하은,F,1985-07-28,경기,수원시 장안구,2026-03-09,37.308574,127.002348
0001245,홍서연,M,1977-07-21,경기,수원시 영통구,2026-03-09,37.262703,127.077203
0001246,한도윤,F,1999-12-15,경기,화성시,2026-03-10,37.201588,126.836764
0001247,조지호,F,1968-01-04,경기,화성시,2026-03-10,37.198703,126.82964
0001248,박수아,M,1967-06-03,경기,용인시 처인구,2026-03-10,37.217667,127.172311
0001249,장하린,F,1988-12-28,경기,용인시 처인구,2026-03-10,37.237119,127.221246
0001250,조지호,M,1987-06-11,경기,수원시 장안구,2026-03-10,37.291375,127.000346
0001251,송건우,F,2000-12-24,경기,수원시 권선구,2026-03-10,37.239357,126.975082
0001252,장주원,M,1974-04-10,경기,화성시,2026-03-10,37.222327,126.841527
0001253,정현우,M,1978-06-08,경기,수원시 장안구,2026-03-10,37.276882,126.991269
0001254,장하린,M,1968-11-20,경기,수원시 영통구,2026-03-10,37.263454,127.049404
0001255,한수아,M,1984-02-03,경기,용인시 수지구,2026-03-10,37.310767,127.091269
0001256,송도윤,F,1996-01-06,경기,수원시 권선구,2026-03-10,37.259563,126.981941
0001257,조서윤,F,1972-10-15,경기,화성시,2026-03-10,37.199415,126.813814
0001258,정서윤,F,2004-10-21,경기,수원시 권선구,2026-03-10,37.252471,126.971856
0001259,서지호,F,2004-10-07,경기,용인시 처인구,2026-03-10,37.236485,127.219727
0001260,조서윤,M,1986-06-26,경기,용인시 기흥구,2026-03-10,37.300171,127.107727
0001261,임다은,M,1999-01-20,경기,용인시 수지구,2026-03-10,37.305589,127.091333
0001262,신하린,M,1996-06-27,경기,용인시 수지구,2026-03-10,37.314145,127.109529
0001263,박지우,M,1979-03-18,경기,수원시 장안구,2026-03-11,37.289297,126.999702
0001264,임현우,M,1967-10-01,경기,수원시 영통구,2026-03-11,37.25838,127.085244
0001265,강채원,F,1998-03-13,경기,용인시 처인구,2026-03-11,37.221415,127.219662
0001266,홍민준,F,2000-05-18,경기,수원시 권선구,2026-03-11,37.254006,126.978122
0001267,강지호,M,1988-01-02,경기,화성시,2026-03-11,37.181357,126.837731
0001268,권수아,M,1970-11-13,경기,수원시 권선구,2026-03-11,37.251741,126.978836
0001269,송주원,M,1995-05-27,경기,수원시 장안구,2026-03-11,37.301868,127.013046
0001270,황하은,M,1975-09-18,경기,화성시,2026-03-11,37.193682,126.797827
0001271,송하린,M,1972-04-17,경기,용인시 기흥구,2026-03-11,37.28061,127.14843
0001272,김도윤,M,1967-11-06,경기,수원시 권선구,2026-03-11,37.259478,126.993909
0001273,강현우,M,1984-07-29,경기,용인시 기흥구,2026-03-11,37.274895,127.147345
0001274,류채원,M,2002-12-01,경기,용인시 기흥구,2026-03-12,37.251937,127.120389
0001275,정하은,F,1978-10-07,경기,화성시,2026-03-12,37.18392,126.827136
0001276,신건우,F,1965-11-14,경기,화성시,2026-03-12,37.204981,126.829971
0001277,정주원,F,1997-02-25,경기,수원시 팔달구,2026-03-12,37.278809,127.009829
0001278,황지호,F,1986-11-02,경기,용인시 수지구,2026-03-12,37.328968,127.097325
0001279,장유나,F,2004-10-03,경기,수원시 장안구,2026-03-12,37.323566,127.026594
0001280,송지호,F,1974-11-23,경기,수원시 권선구,2026-03-12,37.262463,126.993862
0001281,정하린,F,1995-04-04,경기,수원시 권선구,2026-03-12,37.259836,126.978284
0001282,홍유나,F,1986-09-06,경기,용인시 기흥구,2026-03-12,37.277477,127.105203
0001283,황하은,F,2002-02-04,경기,수원시 팔달구,2026-03-12,37.276729,127.0439
0001284,최지호,M,1985-11-11,경기,용인시 처인구,2026-03-12,37.222954,127.208615
0001285,조서연,M,1970-01-28,경기,수원시 권선구,2026-03-12,37.256026,126.981272
0001286,장하은,F,2001-04-24,경기,수원시 영통구,2026-03-13,37.23606,127.027396
0001287,최도윤,F,1997-08-16,경기,수원시 영통구,2026-03-13,37.249578,127.024439
0001288,류서연,M,1993-03-27,경기,수원시 팔달구,2026-03-13,37.304708,127.029283
0001289,권민준,M,2001-03-24,경기,용인시 처인구,2026-03-13,37.211149,127.217912
0001290,권채원,M,1973-07-13,경기,용인시 수지구,2026-03-13,37.313576,127.109366
0001291,윤다은,M,1983-08-08,경기,용인시 기흥구,2026-03-13,37.282545,127.117817
0001292,한수아,M,1970-05-06,경기,수원시 팔달구,2026-03-13,37.275283,126.994671
0001293,박예준,F,1986-07-27,경기,수원시 권선구,2026-03-14,37.238079,126.97234
0001294,조예준,F,1966-12-22,경기,수원시 팔달구,2026-03-14,37.273477,127.014575
0001295,송도윤,M,1989-08-18,경기,수원시 권선구,2026-03-14,37.269504,126.970685
0001296,장서윤,M,1991-05-28,경기,수원시 권선구,2026-03-14,37.254549,126.960412
0001297,최유나,M,2001-11-15,경기,수원시 장안구,2026-03-14,37.301216,127.011569
0001298,박다은,F,2000-07-05,경기,용인시 기흥구,2026-03-14,37.263259,127.129648
0001299,송하린,M,1971-05-07,경기,용인시 기흥구,2026-03-14,37.294925,127.122642
0001300,조건우,F,1992-01-03,경기,용인시 수지구,2026-03-14,37.343064,127.106038
0001301,한채원,F,1976-04-27,경기,수원시 영통구,2026-03-14,37.266783,127.056797
0001302,홍유나,F,1965-09-22,경기,수원시 영통구,2026-03-14,37.260155,127.061656
0001303,안건우,F,1998-07-02,경기,수원시 팔달구,2026-03-14,37.295568,127.030698
0001304,안준서,F,1995-04-26,경기,수원시 영통구,2026-03-15,37.275499,127.024673
0001305,황민준,F,2004-08-22,경기,화성시,2026-03-15,37.207925,126.827733
0001306,최시우,M,1990-06-14,경기,용인시 수지구,2026-03-15,37.315678,127.101829
0001307,정다은,F,1969-02-08,경기,용인시 처인구,2026-03-15,37.237583,127.197182
0001308,홍수아,M,1965-10-06,경기,수원시 영통구,2026-03-15,37.22878,127.067777
0001309,송지훈,M,1970-07-25,경기,수원시 권선구,2026-03-15,37.281194,126.973503
0001310,임지호,F,1985-11-02,경기,수원시 장안구,2026-03-15,37.331686,127.006641
0001311,윤주원,F,1979-07-31,경기,수원시 팔달구,2026-03-15,37.290423,127.026001
0001312,정채원,M,1985-11-13,경기,수원시 권선구,2026-03-15,37.278441,126.99086
0001313,한서연,M,1990-09-11,경기,용인시 기흥구,2026-03-15,37.274689,127.119562
0001314,조지호,M,1993-12-11,경기,용인시 수지구,2026-03-15,37.315658,127.097634
0001315,김지우,M,1997-11-16,경기,화성시,2026-03-16,37.200091,126.836874
0001316,김지우,F,1992-07-31,경기,수원시 권선구,2026-03-16,37.263525,126.950155
0001317,임지우,M,1982-05-17,경기,용인시 수지구,2026-03-16,37.306505,127.12344
0001318,최현우,M,1970-01-15,경기,화성시,2026-03-16,37.194849,126.822992
0001319,김준서,F,1999-03-03,경기,화성시,2026-03-16,37.205308,126.84253
0001320,안예준,M,1990-11-09,경기,용인시 수지구,2026-03-16,37.304621,127.089893
0001321,송예준,M,1989-04-17,경기,수원시 영통구,2026-03-16,37.23687,127.069416
0001322,황하은,M,1975-06-03,경기,화성시,2026-03-16,37.237497,126.799509
0001323,류건우,M,1990-01-04,경기,화성시,2026-03-16,37.177156,126.8305
0001324,황준서,F,1991-01-14,경기,수원시 팔달구,2026-03-16,37.277552,127.034773
0001325,권지우,F,1983-03-11,경기,수원시 영통구,2026-03-17,37.238942,127.019549
0001326,황예준,M,1984-08-03,경기,수원시 장안구,2026-03-17,37.317004,127.002295
0001327,강서연,F,1983-10-25,경기,용인시 수지구,2026-03-17,37.332069,127.11701
0001328,이다은,M,1995-03-23,경기,용인시 처인구,2026-03-17,37.237608,127.191992
0001329,최현우,M,1999-03-15,경기,용인시 기흥구,2026-03-17,37.281381,127.104032
0001330,최도윤,M,2000-10-23,경기,용인시 기흥구,2026-03-17,37.279059,127.094513
0001331,정건우,F,1986-06-27,경기,용인시 기흥구,2026-03-17,37.285847,127.124405
0001332,장현우,F,1981-08-19,경기,수원시 영통구,2026-03-17,37.259406,127.037709
0001333,정현우,M,1997-03-07,경기,수원시 영통구,2026-03-18,37.279527,127.06924
0001334,이서연,M,1967-03-03,경기,화성시,2026-03-18,37.184501,126.833631
0001335,김민준,F,1996-02-10,경기,수원시 영통구,2026-03-18,37.287044,127.045419
0001336,김서연,M,1999-01-09,경기,용인시 수지구,2026-03-18,37.310951,127.115711
0001337,오현우,F,1974-03-03,경기,수원시 영통구,2026-03-18,37.275149,127.072837
0001338,강지훈,M,1991-04-20,경기,수원시 장안구,2026-03-18,37.317376,127.050072
0001339,류서윤,M,1994-05-14,경기,수원시 영통구,2026-03-18,37.279868,127.063544
0001340,홍다은,M,2000-09-14,경기,용인시 처인구,2026-03-18,37.236948,127.199547
0001341,윤민준,M,1971-02-02,경기,용인시 기흥구,2026-03-18,37.282298,127.111093
0001342,권하은,F,1992-07-20,경기,화성시,2026-03-18,37.187004,126.832294
0001343,홍민준,M,1968-01-20,경기,용인시 수지구,2026-03-18,37.299742,127.116827
0001344,류지우,M,1997-09-02,경기,수원시 권선구,2026-03-18,37.25173,126.981932
0001345,한지호,F,1997-10-09,경기,화성시,2026-03-18,37.171965,126.849311
0001346,장현우,F,1977-12-04,경기,수원시 장안구,2026-03-18,37.308204,126.989778
0001347,안건우,M,1972-04-20,경기,용인시 처인구,2026-03-19,37.234635,127.207966
0001348,장지훈,F,1975-09-05,경기,용인시 처인구,2026-03-19,37.271617,127.211189
0001349,이다은,F,1985-07-25,경기,수원시 팔달구,2026-03-19,37.29286,127.042242
0001350,홍유나,M,1987-11-08,경기,용인시 기흥구,2026-03-19,37.274439,127.092349
0001351,장민준,M,1991-11-05,경기,수원시 장안구,2026-03-19,37.298699,127.003176
0001352,신서연,M,1985-09-13,경기,용인시 처인구,2026-03-19,37.220546,127.181768
0001353,송다은,M,1994-06-08,경기,수원시 장안구,2026-03-19,37.302869,127.001593
0001354,서준서,M,1993-10-19,경기,화성시,2026-03-19,37.196734,126.813275
0001355,황지우,F,1977-08-12,경기,화성시,2026-03-20,37.216684,126.817209
0001356,안서윤,M,1980-05-04,경기,수원시 권선구,2026-03-20,37.255113,126.940581
0001357,류채원,M,1968-06-19,경기,화성시,2026-03-20,37.201696,126.848348
0001358,안수아,F,1980-12-13,경기,수원시 팔달구,2026-03-20,37.269371,127.01135
0001359,황지우,M,1979-02-11,경기,수원시 장안구,2026-03-20,37.313716,126.995904
0001360,권채원,F,1966-10-14,경기,수원시 장안구,2026-03-20,37.298001,127.01558
0001361,강지우,M,1974-10-26,경기,수원시 영통구,2026-03-20,37.256789,127.056343
0001362,윤서윤,M,2003-06-30,경기,용인시 기흥구,2026-03-20,37.281707,127.139346
0001363,안지호,M,2002-04-18,경기,수원시 권선구,2026-03-21,37.248316,126.992929
0001364,장도윤,M,1987-07-27,경기,용인시 기흥구,2026-03-21,37.295324,127.114815
0001365,정수아,M,1999-10-06,경기,수원시 팔달구,2026-03-21,37.278127,127.005653
0001366,김도윤,F,1974-02-07,경기,화성시,2026-03-21,37.191792,126.8236
0001367,조서윤,F,1965-01-06,경기,수원시 권선구,2026-03-21,37.279897,126.980644
0001368,김서윤,M,1974-01-10,경기,용인시 수지구,2026-03-21,37.32452,127.097974
0001369,강하린,M,1990-03-22,경기,수원시 팔달구,2026-03-21,37.279138,127.010884
0001370,황하린,F,1999-02-01,경기,수원시 권선구,2026-03-21,37.253078,126.985021
0001371,황지훈,M,1999-06-02,경기,수원시 영통구,2026-03-21,37.257918,127.066235
0001372,오지훈,M,1974-09-09,경기,수원시 영통구,2026-03-21,37.24485,127.044239
0001373,임지호,M,1973-12-27,경기,수원시 영통구,2026-03-21,37.271792,127.045259
0001374,송주원,M,2000-04-15,경기,용인시 수지구,2026-03-22,37.313494,127.077144
0001375,최하은,M,1975-06-12,경기,수원시 영통구,2026-03-22,37.2593,127.055177
0001376,홍하린,M,1985-07-24,경기,용인시 수지구,2026-03-22,37.321269,127.105779
0001377,신수아,M,1991-08-07,경기,수원시 권선구,2026-03-22,37.269089,126.969414
0001378,류서윤,F,1986-06-25,경기,화성시,2026-03-22,37.201398,126.816463
0001379,신예준,M,1982-04-09,경기,수원시 장안구,2026-03-22,37.318616,127.018908
0001380,박지호,F,1998-03-18,경기,화성시,2026-03-22,37.173938,126.811803
0001381,강서윤,F,1972-05-12,경기,수원시 팔달구,2026-03-22,37.285113,127.011414
0001382,오시우,M,1965-06-08,경기,용인시 수지구,2026-03-22,37.329593,127.09824
0001383,최하은,M,1978-10-06,경기,수원시 영통구,2026-03-22,37.251428,127.053324
0001384,한시우,M,1985-01-06,경기,수원시 장안구,2026-03-22,37.296514,127.010663
0001385,장주원,M,1973-03-28,경기,용인시 처인구,2026-03-22,37.24594,127.189916
0001386,황민준,M,1975-08-10,경기,용인시 처인구,2026-03-22,37.225147,127.188326
0001387,서하은,M,1975-11-20,경기,용인시 처인구,2026-03-22,37.233729,127.214694
0001388,한지우,M,2002-01-31,경기,수원시 영통구,2026-03-22,37.257562,127.026422
0001389,황현우,M,1988-07-12,경기,용인시 수지구,2026-03-22,37.306814,127.099172
0001390,권서윤,F,1966-02-08,경기,수원시 장안구,2026-03-22,37.32249,127.014429
0001391,김민준,M,1969-05-09,경기,수원시 권선구,2026-03-23,37.257255,126.981059
0001392,정지호,F,1996-07-05,경기,수원시 권선구,2026-03-23,37.287683,126.956503
0001393,김서연,F,1997-06-24,경기,수원시 영통구,2026-03-23,37.29449,127.052593
0001394,김서윤,F,1998-02-11,경기,용인시 기흥구,2026-03-23,37.248593,127.130706
0001395,류준서,M,1983-12-26,경기,수원시 장안구,2026-03-23,37.298696,126.995233
0001396,강채원,M,1995-12-26,경기,수원시 영통구,2026-03-23,37.294045,127.052975
0001397,한시우,M,1996-10-21,경기,수원시 영통구,2026-03-23,37.255613,127.035867
0001398,송도윤,F,1977-09-01,경기,화성시,2026-03-23,37.18919,126.816392
0001399,최서윤,F,1970-12-02,경기,수원시 영통구,2026-03-23,37.247235,127.011566
0001400,임예준,F,2001-10-22,경기,수원시 권선구,2026-03-23,37.263457,126.977328
0001401,강다은,F,1984-12-17,경기,용인시 기흥구,2026-03-23,37.258921,127.126612
0001402,류다은,F,1983-05-29,경기,용인시 기흥구,2026-03-23,37.293777,127.093032
0001403,김시우,F,1978-04-25,경기,수원시 권선구,2026-03-23,37.231689,126.956347
0001404,한주원,F,1970-05-07,경기,수원시 권선구,2026-03-24,37.264655,126.97523
0001405,안지우,M,1996-10-16,경기,화성시,2026-03-24,37.20752,126.839471
0001406,조지우,M,1992-07-25,경기,수원시 권선구,2026-03-24,37.259663,126.967878
0001407,황수아,M,1996-06-15,경기,수원시 권선구,2026-03-24,37.306685,126.982366
0001408,김유나,M,1986-05-07,경기,용인시 수지구,2026-03-24,37.350874,127.096903
0001409,홍도윤,F,1992-05-04,경기,용인시 기흥구,2026-03-24,37.301032,127.119139
0001410,박다은,M,1997-02-26,경기,수원시 장안구,2026-03-24,37.312071,126.987403
0001411,홍현우,M,1966-03-05,경기,수원시 권선구,2026-03-25,37.259687,126.964732
0001412,장예준,F,1999-11-20,경기,용인시 수지구,2026-03-25,37.337682,127.09839
0001413,송주원,F,1973-01-16,경기,화성시,2026-03-25,37.226873,126.848898
0001414,정예준,M,1978-04-05,경기,용인시 처인구,2026-03-25,37.227087,127.211021
0001415,박지우,F,1991-07-16,경기,화성시,2026-03-25,37.188698,126.827773
0001416,서지우,M,1989-05-23,경기,수원시 영통구,2026-03-25,37.276697,127.044194
0001417,최지호,M,1979-12-19,경기,용인시 기흥구,2026-03-25,37.308052,127.12735
0001418,김도윤,F,1982-06-21,경기,용인시 기흥구,2026-03-25,37.306636,127.108757
0001419,신현우,F,1987-06-07,경기,수원시 팔달구,2026-03-25,37.305467,127.023494
0001420,신채원,F,1980-01-24,경기,수원시 영통구,2026-03-25,37.250604,127.043238
0001421,안지우,M,2000-11-26,경기,용인시 수지구,2026-03-25,37.356207,127.106176
0001422,조도윤,M,1990-10-10,경기,수원시 영통구,2026-03-25,37.231458,127.030766
0001423,홍서연,F,1991-03-14,경기,수원시 영통구,2026-03-25,37.252777,127.056135
0001424,황지훈,M,2003-10-19,경기,용인시 수지구,2026-03-25,37.317988,127.089217
0001425,최건우,F,1967-10-08,경기,화성시,2026-03-26,37.198865,126.801894
0001426,송하은,F,1994-02-12,경기,수원시 권선구,2026-03-26,37.256962,126.956148
0001427,신지우,M,1994-04-01,경기,용인시 기흥구,2026-03-26,37.284584,127.131704
0001428,조서연,F,1983-04-16,경기,수원시 권선구,2026-03-26,37.273906,126.953035
0001429,신지우,F,1999-12-30,경기,용인시 기흥구,2026-03-26,37.301026,127.115358
0001430,김주원,F,1993-01-23,경기,수원시 장안구,2026-03-26,37.290711,127.002012
0001431,임서연,F,2002-07-06,경기,수원시 권선구,2026-03-27,37.26213,126.978339
0001432,류도윤,M,1985-08-08,경기,수원시 영통구,2026-03-27,37.229371,127.042019
0001433,임서윤,F,2004-05-09,경기,화성시,2026-03-27,37.178496,126.820662
0001434,장채원,F,1969-04-30,경기,용인시 기흥구,2026-03-27,37.254385,127.098059
0001435,황지호,M,1995-11-10,경기,수원시 영통구,2026-03-27,37.280857,127.024488
0001436,최지우,F,1976-05-01,경기,수원시 영통구,2026-03-28,37.264913,127.024135
0001437,권지우,F,1992-04-13,경기,용인시 기흥구,2026-03-28,37.297316,127.122962
0001438,장하은,F,2003-12-10,경기,수원시 팔달구,2026-03-28,37.262186,127.008186
0001439,서시우,M,1966-05-07,경기,수원시 영통구,2026-03-28,37.284639,127.055856
0001440,송도윤,M,1981-08-05,경기,용인시 수지구,2026-03-28,37.328588,127.094625
0001441,오채원,F,1975-04-18,경기,수원시 장안구,2026-03-28,37.306731,127.031807
0001442,임민준,F,1967-02-14,경기,수원시 영통구,2026-03-28,37.262054,127.066888
0001443,정건우,F,2004-10-24,경기,화성시,2026-03-28,37.189403,126.847656
0001444,정서연,M,1970-10-26,경기,수원시 팔달구,2026-03-28,37.303347,127.003254
0001445,박현우,M,1976-11-23,경기,용인시 기흥구,2026-03-28,37.26677,127.128451
0001446,홍주원,M,2001-07-14,경기,수원시 영통구,2026-03-29,37.234441,127.05363
0001447,정하린,M,1993-09-18,경기,수원시 영통구,2026-03-29,37.242081,127.058596
0001448,박하린,M,1989-02-06,경기,수원시 영통구,2026-03-29,37.254673,127.054058
0001449,서지아,M,1979-11-12,경기,수원시 장안구,2026-03-29,37.328336,127.025717
0001450,오시우,F,1985-02-09,경기,수원시 권선구,2026-03-29,37.254668,126.981505
0001451,오도윤,M,1966-04-22,경기,수원시 팔달구,2026-03-29,37.277682,127.017861
0001452,안지우,M,1978-07-02,경기,수원시 장안구,2026-03-29,37.310934,127.027159
0001453,김다은,M,1978-08-19,경기,용인시 처인구,2026-03-29,37.234888,127.225046
0001454,안건우,F,2000-09-22,경기,화성시,2026-03-30,37.200737,126.825176
0001455,황도윤,F,1967-09-04,경기,화성시,2026-03-30,37.212513,126.823053
0001456,권지아,M,1966-11-03,경기,수원시 영통구,2026-03-30,37.253672,127.03974
0001457,황주원,M,1967-11-07,경기,용인시 기흥구,2026-03-30,37.272946,127.115533
0001458,강수아,M,1980-10-27,경기,용인시 처인구,2026-03-30,37.219915,127.201093
0001459,김현우,M,1991-05-07,경기,수원시 팔달구,2026-03-31,37.252238,127.034037
0001460,황서윤,M,1982-08-08,경기,용인시 처인구,2026-03-31,37.243443,127.212362
0001461,김서연,M,1975-06-22,경기,수원시 권선구,2026-03-31,37.243074,126.968044
0001462,홍주원,F,1984-05-06,경기,용인시 처인구,2026-03-31,37.231042,127.197735
0001463,강건우,F,1983-04-27,경기,화성시,2026-03-31,37.179013,126.835188
0001464,장건우,M,1991-01-15,경기,수원시 팔달구,2026-03-31,37.275558,127.017959
0001465,강민준,F,1998-04-02,경기,수원시 팔달구,2026-03-31,37.264526,127.032711
0001466,조유나,F,1965-02-22,경기,수원시 권선구,2026-03-31,37.265199,126.973513
0001467,최주원,F,1978-02-11,경기,용인시 처인구,2026-03-31,37.252333,127.189284
0001468,윤수아,F,1973-04-25,경기,수원시 장안구,2026-03-31,37.314992,127.034679
0001469,정지훈,M,1965-02-06,경기,수원시 장안구,2026-03-31,37.308226,127.015797
0001470,홍주원,F,1966-03-10,경기,수원시 권선구,2026-04-01,37.243879,126.954913
0001471,황예준,F,1967-07-20,경기,용인시 처인구,2026-04-01,37.214436,127.210345
0001472,신예준,M,1990-08-16,경기,수원시 팔달구,2026-04-01,37.282543,127.01684
0001473,조하린,F,2002-01-08,경기,수원시 장안구,2026-04-01,37.330943,126.982792
0001474,황현우,M,1982-12-30,경기,수원시 장안구,2026-04-01,37.307161,127.008697
0001475,강하은,M,1994-02-27,경기,수원시 장안구,2026-04-01,37.276755,127.003872
0001476,류주원,F,1969-10-13,경기,용인시 수지구,2026-04-01,37.325258,127.124967
0001477,최지훈,F,1970-09-01,경기,용인시 수지구,2026-04-01,37.312543,127.099146
0001478,오서윤,F,2000-09-05,경기,화성시,2026-04-01,37.182506,126.850086
0001479,류하은,F,1995-02-28,경기,수원시 팔달구,2026-04-01,37.274772,127.029792
0001480,정지훈,F,1973-04-07,경기,용인시 기흥구,2026-04-01,37.262136,127.139312
0001481,최지호,F,1966-04-13,경기,수원시 권선구,2026-04-01,37.262089,126.97197
0001482,박주원,M,1976-10-27,경기,용인시 처인구,2026-04-02,37.230198,127.178493
0001483,박건우,F,1981-04-10,경기,수원시 권선구,2026-04-02,37.245784,126.923765
0001484,권지우,F,1971-11-28,경기,수원시 장안구,2026-04-02,37.308355,127.024718
0001485,장현우,M,2002-01-13,경기,화성시,2026-04-02,37.218425,126.816781
0001486,신예준,M,1982-01-09,경기,용인시 수지구,2026-04-02,37.309029,127.103033
0001487,류지훈,F,1991-09-18,경기,수원시 장안구,2026-04-02,37.31144,127.006261
0001488,류지호,M,1999-08-15,경기,수원시 권선구,2026-04-02,37.262135,126.961691
0001489,신지호,F,1972-10-04,경기,화성시,2026-04-02,37.20203,126.784923
0001490,김준서,F,1969-03-07,경기,수원시 팔달구,2026-04-02,37.290423,127.031017
0001491,조현우,F,1986-06-26,경기,화성시,2026-04-03,37.205399,126.804244
0001492,황현우,M,1988-06-15,경기,용인시 처인구,2026-04-03,37.238229,127.195163
0001493,신시우,M,1981-08-03,경기,수원시 장안구,2026-04-03,37.314539,126.998824
0001494,윤서연,F,1992-04-12,경기,수원시 팔달구,2026-04-03,37.298327,127.01745
0001495,김수아,F,1978-04-06,경기,화성시,2026-04-03,37.210292,126.822402
0001496,류서연,F,1968-03-12,경기,수원시 장안구,2026-04-03,37.304867,127.002604
0001497,박시우,M,1965-03-24,경기,수원시 영통구,2026-04-03,37.256801,127.038821
0001498,송서윤,M,1981-05-11,경기,수원시 영통구,2026-04-04,37.255392,127.065979
0001499,윤준서,M,1972-02-11,경기,화성시,2026-04-04,37.181535,126.839643
0001500,류채원,M,1978-07-31,경기,용인시 수지구,2026-04-04,37.320127,127.109672
0001501,권지호,M,1974-08-09,경기,용인시 수지구,2026-04-04,37.329164,127.067415
0001502,신민준,M,1994-09-19,경기,수원시 권선구,2026-04-04,37.233271,126.971772
0001503,신도윤,M,1978-06-15,경기,용인시 수지구,2026-04-04,37.338359,127.091548
0001504,한주원,F,2003-12-14,경기,화성시,2026-04-04,37.200592,126.806029
0001505,안하은,M,1993-12-13,경기,용인시 기흥구,2026-04-04,37.277995,127.124201
0001506,박준서,F,1968-04-06,경기,수원시 권선구,2026-04-04,37.272436,126.992513
0001507,홍수아,M,1967-09-18,경기,수원시 권선구,2026-04-04,37.263067,126.974211
0001508,황민준,F,1986-10-02,경기,화성시,2026-04-05,37.1605,126.82743
0001509,장채원,F,1975-06-17,경기,수원시 팔달구,2026-04-05,37.294487,127.014691
0001510,최다은,F,1973-03-22,경기,수원시 장안구,2026-04-05,37.302078,127.019043
0001511,조다은,F,1986-10-10,경기,수원시 장안구,2026-04-05,37.288259,127.024021
0001512,정수아,M,2001-08-30,경기,용인시 처인구,2026-04-05,37.202257,127.212816
0001513,권예준,F,1971-08-26,경기,수원시 영통구,2026-04-05,37.263503,127.049346
0001514,한건우,F,1990-04-29,경기,화성시,2026-04-05,37.215619,126.824507
0001515,장하은,F,1988-10-22,경기,용인시 기흥구,2026-04-05,37.287847,127.134267
0001516,박예준,M,1998-02-15,경기,화성시,2026-04-06,37.209078,126.839453
0001517,박수아,F,2003-03-02,경기,수원시 팔달구,2026-04-06,37.293507,127.039404
0001518,송주원,F,1979-06-17,경기,용인시 수지구,2026-04-06,37.333316,127.094216
0001519,한하린,F,1981-05-06,경기,수원시 영통구,2026-04-06,37.267291,127.074085
0001520,송수아,F,1991-08-08,경기,용인시 처인구,2026-04-06,37.206694,127.175762
0001521,이지아,F,1969-01-22,경기,수원시 영통구,2026-04-06,37.265654,127.048979
0001522,한지훈,F,1981-02-13,경기,수원시 권선구,2026-04-06,37.253225,126.971305
0001523,오민준,F,1974-05-30,경기,용인시 수지구,2026-04-06,37.307899,127.109719
0001524,이유나,F,1994-10-24,경기,화성시,2026-04-06,37.19611,126.828137
0001525,정지우,F,1973-07-10,경기,용인시 기흥구,2026-04-06,37.298668,127.103333
0001526,신주원,F,1966-04-06,경기,수원시 장안구,2026-04-07,37.316958,127.008855
0001527,류지아,F,1970-12-05,경기,화성시,2026-04-07,37.18977,126.821148
0001528,임지훈,M,1978-10-17,경기,화성시,2026-04-07,37.210768,126.81172
0001529,류준서,F,1994-04-20,경기,수원시 영통구,2026-04-07,37.270216,127.038071
0001530,김시우,F,1967-10-26,경기,화성시,2026-04-07,37.204812,126.854437
0001531,김건우,M,1993-11-09,경기,용인시 기흥구,2026-04-07,37.296164,127.108346
0001532,안하린,F,2002-04-04,경기,용인시 처인구,2026-04-07,37.232869,127.18615
0001533,신지훈,F,1985-03-20,경기,수원시 권선구,2026-04-07,37.258254,126.96151
0001534,최유나,F,1996-02-28,경기,화성시,2026-04-08,37.208508,126.823581
0001535,윤서윤,M,1978-05-22,경기,용인시 기흥구,2026-04-08,37.28591,127.135429
0001536,임지아,M,1968-06-14,경기,수원시 영통구,2026-04-08,37.259304,127.061563
0001537,한채원,M,1982-05-13,경기,용인시 기흥구,2026-04-08,37.285072,127.11678
0001538,안유나,M,1991-08-10,경기,수원시 팔달구,2026-04-08,37.277753,127.007068
0001539,서시우,F,1982-03-06,경기,수원시 영통구,2026-04-08,37.270315,127.054341
0001540,윤지우,F,2004-12-02,경기,용인시 처인구,2026-04-08,37.255522,127.209325
0001541,황예준,M,1994-03-07,경기,수원시 장안구,2026-04-08,37.318998,127.009352
0001542,안지아,M,1989-01-20,경기,용인시 수지구,2026-04-08,37.31309,127.0992
0001543,오건우,M,2004-12-16,경기,용인시 수지구,2026-04-08,37.323573,127.108242
0001544,오민준,M,1975-03-02,경기,수원시 영통구,2026-04-08,37.24986,127.05603
0001545,송주원,M,1996-06-05,경기,수원시 팔달구,2026-04-08,37.302088,127.016359
0001546,안주원,M,1988-10-07,경기,용인시 기흥구,2026-04-09,37.281066,127.109959
0001547,김하은,M,1976-11-13,경기,용인시 기흥구,2026-04-09,37.2822,127.121708
0001548,신지아,M,2003-03-06,경기,화성시,2026-04-09,37.189607,126.838944
0001549,임지호,F,1993-02-12,경기,용인시 수지구,2026-04-09,37.336072,127.09754
0001550,최서윤,F,1965-01-23,경기,용인시 기흥구,2026-04-09,37.249903,127.123715
0001551,정서윤,F,1989-08-11,경기,용인시 기흥구,2026-04-09,37.290628,127.101736
0001552,이지아,M,2002-11-05,경기,수원시 영통구,2026-04-09,37.246672,127.029165
0001553,이서연,M,1968-11-10,경기,수원시 영통구,2026-04-09,37.273086,127.048229
0001554,홍다은,F,1998-08-11,경기,용인시 기흥구,2026-04-09,37.260868,127.121311
0001555,황준서,M,1975-08-15,경기,용인시 기흥구,2026-04-09,37.27314,127.101705
0001556,장예준,M,1992-07-16,경기,용인시 수지구,2026-04-09,37.305679,127.083732
0001557,조하린,M,1982-05-20,경기,수원시 팔달구,2026-04-09,37.294038,127.042382
0001558,류도윤,M,1992-02-09,경기,용인시 처인구,2026-04-09,37.219256,127.18745
0001559,정도윤,F,1969-06-01,경기,화성시,2026-04-10,37.181465,126.798763
0001560,김지아,F,1988-02-25,경기,화성시,2026-04-10,37.177778,126.835701
0001561,홍서연,F,1965-09-25,경기,용인시 수지구,2026-04-10,37.303664,127.110844
0001562,강주원,M,1979-04-08,경기,용인시 수지구,2026-04-10,37.332985,127.098367
0001563,정민준,M,1967-01-08,경기,수원시 영통구,2026-04-10,37.250789,127.0322
0001564,송채원,F,1998-05-04,경기,수원시 권선구,2026-04-10,37.259794,126.936183
0001565,신지우,F,1996-12-20,경기,수원시 팔달구,2026-04-10,37.280778,127.016411
0001566,서서연,F,1979-09-02,경기,수원시 권선구,2026-04-10,37.249728,126.981851
0001567,조시우,F,1989-10-15,경기,용인시 기흥구,2026-04-10,37.288286,127.104374
0001568,권하은,M,1971-07-26,경기,용인시 수지구,2026-04-10,37.325099,127.093441
0001569,박도윤,F,1993-08-04,경기,화성시,2026-04-10,37.200567,126.82409
0001570,조하린,M,1969-04-14,경기,용인시 수지구,2026-04-11,37.319824,127.082203
0001571,홍채원,M,1992-01-25,경기,용인시 처인구,2026-04-11,37.245393,127.212182
0001572,이지호,M,1976-04-12,경기,용인시 기흥구,2026-04-11,37.294653,127.100341
0001573,류건우,M,1994-11-29,경기,수원시 권선구,2026-04-11,37.252476,126.959246
0001574,임주원,M,1967-12-25,경기,화성시,2026-04-11,37.195834,126.817815
0001575,송하린,F,1990-11-08,경기,수원시 장안구,2026-04-11,37.303899,127.016901
0001576,송예준,M,1978-01-31,경기,수원시 영통구,2026-04-11,37.261278,127.029143
0001577,서도윤,F,1971-08-28,경기,용인시 기흥구,2026-04-11,37.273585,127.128497
0001578,서주원,F,1972-02-08,경기,용인시 기흥구,2026-04-12,37.262734,127.116235
0001579,최하린,F,1980-04-26,경기,수원시 장안구,2026-04-12,37.32205,126.999126
0001580,한서연,F,1980-09-21,경기,수원시 영통구,2026-04-12,37.264077,127.049934
0001581,홍예준,M,1972-08-24,경기,수원시 영통구,2026-04-12,37.262843,127.036841
0001582,김지우,F,1990-07-09,경기,수원시 권선구,2026-04-12,37.233444,126.962556
0001583,신준서,F,1985-07-19,경기,수원시 영통구,2026-04-12,37.253937,127.061719
0001584,최주원,F,1999-01-24,경기,용인시 수지구,2026-04-12,37.313497,127.087563
0001585,안지우,M,1983-01-14,경기,수원시 권선구,2026-04-12,37.259944,126.970788
0001586,윤도윤,M,1975-10-07,경기,화성시,2026-04-12,37.18619,126.813453
0001587,박서연,M,1985-06-23,경기,수원시 권선구,2026-04-12,37.244637,126.980139
0001588,권지아,M,1979-01-10,경기,용인시 기흥구,2026-04-12,37.269935,127.110001
0001589,신유나,F,1979-09-15,경기,용인시 처인구,2026-04-13,37.218891,127.152257
0001590,최수아,M,1982-02-19,경기,용인시 기흥구,2026-04-13,37.29714,127.122979
0001591,권지아,M,1972-12-20,경기,화성시,2026-04-13,37.18431,126.834627
0001592,안서연,F,1972-01-19,경기,수원시 영통구,2026-04-13,37.263557,127.032746
0001593,류지우,F,1965-04-24,경기,수원시 영통구,2026-04-13,37.263993,127.036717
0001594,황민준,M,1994-11-17,경기,용인시 처인구,2026-04-14,37.235728,127.213769
0001595,이건우,M,1974-09-18,경기,수원시 장안구,2026-04-14,37.286173,126.982293
0001596,서주원,F,1994-01-21,경기,수원시 권선구,2026-04-14,37.248624,126.979465
0001597,조채원,F,1967-06-16,경기,수원시 팔달구,2026-04-14,37.299723,127.022113
0001598,윤채원,M,1997-03-06,경기,수원시 권선구,2026-04-14,37.23179,126.956521
0001599,한서윤,M,1993-11-13,경기,용인시 기흥구,2026-04-14,37.286648,127.11492
0001600,송서윤,F,1984-01-06,경기,용인시 수지구,2026-04-14,37.318806,127.093642
0001601,안현우,F,1970-07-04,경기,수원시 영통구,2026-04-14,37.246539,127.02903
0001602,임서연,F,1997-01-11,경기,수원시 영통구,2026-04-14,37.241731,127.059406
0001603,박다은,F,1998-09-03,경기,수원시 영통구,2026-04-14,37.290457,127.046445
0001604,홍도윤,F,1968-04-20,경기,수원시 권선구,2026-04-14,37.251522,126.960399
0001605,서서연,M,2001-07-08,경기,용인시 수지구,2026-04-14,37.317364,127.090473
0001606,송지우,M,1987-02-19,경기,용인시 처인구,2026-04-14,37.241634,127.203436
0001607,김예준,F,1974-05-20,경기,용인시 수지구,2026-04-14,37.342738,127.107742
0001608,임건우,M,1995-06-23,경기,수원시 장안구,2026-04-14,37.286833,127.005407
0001609,오지훈,M,1969-08-08,경기,용인시 기흥구,2026-04-15,37.265179,127.102231
0001610,송유나,M,1978-08-07,경기,화성시,2026-04-15,37.196836,126.84514
0001611,최수아,M,2002-09-16,경기,용인시 수지구,2026-04-15,37.326525,127.118455
0001612,장도윤,M,1991-10-01,경기,용인시 기흥구,2026-04-15,37.25426,127.123875
0001613,강채원,F,1985-12-17,경기,용인시 기흥구,2026-04-15,37.310246,127.114755
0001614,서서윤,F,1967-05-11,경기,수원시 권선구,2026-04-15,37.265314,126.978068
0001615,강수아,F,1968-10-27,경기,수원시 권선구,2026-04-15,37.249469,126.985935
0001616,장수아,M,2000-10-14,경기,수원시 영통구,2026-04-15,37.234695,127.052101
0001617,최다은,F,1999-07-25,경기,수원시 권선구,2026-04-15,37.231385,126.958108
0001618,홍주원,M,2004-05-20,경기,용인시 처인구,2026-04-15,37.243787,127.227364
0001619,강시우,M,1988-05-02,경기,수원시 영통구,2026-04-15,37.237832,127.048075
0001620,송지호,M,1985-03-10,경기,수원시 영통구,2026-04-16,37.248928,127.041193
0001621,홍다은,F,1971-09-04,경기,화성시,2026-04-16,37.197295,126.832156
0001622,신건우,F,1968-04-09,경기,용인시 처인구,2026-04-16,37.238499,127.205435
0001623,임주원,M,1997-02-19,경기,용인시 수지구,2026-04-16,37.330938,127.100757
0001624,조주원,F,1985-12-17,경기,용인시 기흥구,2026-04-16,37.276552,127.124774
0001625,이시우,F,2000-07-08,경기,용인시 기흥구,2026-04-16,37.240917,127.135338
0001626,신지호,M,1985-06-17,경기,수원시 장안구,2026-04-16,37.271187,126.99921
0001627,정지호,F,1980-11-21,경기,용인시 기흥구,2026-04-16,37.291687,127.119309
0001628,이주원,F,2004-05-19,경기,수원시 장안구,2026-04-16,37.346551,127.005356
0001629,강도윤,F,1988-12-04,경기,화성시,2026-04-16,37.187256,126.84032
0001630,임현우,F,1967-07-10,경기,용인시 기흥구,2026-04-16,37.278871,127.115664
0001631,강예준,F,2002-12-20,경기,수원시 장안구,2026-04-17,37.298783,127.00912
0001632,송하린,F,2003-01-30,경기,수원시 팔달구,2026-04-17,37.274208,127.014154
0001633,최지훈,F,1997-04-22,경기,용인시 처인구,2026-04-17,37.238139,127.212121
0001634,황수아,F,1965-09-19,경기,용인시 기흥구,2026-04-17,37.290614,127.115666
0001635,장지아,M,1984-08-05,경기,용인시 수지구,2026-04-17,37.324467,127.126682
0001636,윤지아,M,1997-10-15,경기,수원시 권선구,2026-04-17,37.255541,126.984066
0001637,박건우,M,1974-01-13,경기,용인시 수지구,2026-04-17,37.341418,127.114285
0001638,서지아,F,1967-10-19,경기,수원시 권선구,2026-04-17,37.247678,126.970005
0001639,윤하린,M,1967-10-07,경기,용인시 기흥구,2026-04-17,37.26313,127.114846
0001640,한지훈,M,1967-12-28,경기,화성시,2026-04-17,37.197923,126.823246
0001641,정시우,F,1975-10-08,경기,용인시 수지구,2026-04-17,37.334708,127.097365
0001642,정주원,F,1972-05-25,경기,수원시 팔달구,2026-04-18,37.28772,127.038326
0001643,장현우,M,2002-07-17,경기,수원시 장안구,2026-04-18,37.276355,126.980316
0001644,박다은,F,1982-07-02,경기,수원시 권선구,2026-04-18,37.255512,126.980766
0001645,장민준,M,1983-11-12,경기,수원시 영통구,2026-04-18,37.274642,127.004357
0001646,홍건우,M,1966-12-25,경기,용인시 기흥구,2026-04-18,37.285203,127.112849
0001647,윤주원,M,1993-07-17,경기,용인시 수지구,2026-04-18,37.322637,127.117892
0001648,홍하린,M,1982-10-19,경기,수원시 권선구,2026-04-19,37.251324,126.986991
0001649,장하은,F,1999-04-27,경기,수원시 권선구,2026-04-19,37.240685,126.966447
0001650,장현우,M,1978-06-07,경기,수원시 영통구,2026-04-19,37.272118,127.01959
0001651,한현우,M,1994-03-01,경기,용인시 처인구,2026-04-19,37.236616,127.216728
0001652,김주원,F,2004-10-08,경기,수원시 팔달구,2026-04-19,37.256681,127.015318
0001653,서현우,M,1984-07-11,경기,용인시 처인구,2026-04-19,37.242698,127.209254
0001654,강주원,M,1981-10-21,경기,수원시 권선구,2026-04-19,37.263591,126.962872
0001655,정하은,F,1987-05-11,경기,용인시 수지구,2026-04-19,37.329356,127.114921
0001656,서준서,M,1969-06-06,경기,수원시 영통구,2026-04-19,37.2708,127.059135
0001657,류준서,M,1987-08-21,경기,수원시 권선구,2026-04-19,37.268609,126.992611
0001658,송현우,M,1971-04-29,경기,수원시 영통구,2026-04-19,37.272182,127.025181
0001659,윤지아,F,2000-11-18,경기,수원시 팔달구,2026-04-19,37.259284,126.999523
0001660,이민준,M,1981-05-19,경기,수원시 팔달구,2026-04-20,37.286662,127.032177
0001661,김예준,F,1981-08-11,경기,수원시 영통구,2026-04-20,37.265389,127.029295
0001662,홍지호,M,2003-09-23,경기,수원시 장안구,2026-04-20,37.319576,127.014525
0001663,임하은,F,1977-06-17,경기,용인시 기흥구,2026-04-20,37.275991,127.122749
0001664,윤유나,M,1974-09-15,경기,용인시 처인구,2026-04-20,37.235155,127.215804
0001665,홍다은,M,1981-12-11,경기,화성시,2026-04-20,37.180301,126.82225
0001666,장예준,M,1996-08-17,경기,용인시 처인구,2026-04-20,37.223865,127.200281
0001667,류도윤,F,2002-10-18,경기,화성시,2026-04-20,37.212468,126.825407
0001668,안지아,M,1978-06-16,경기,용인시 기흥구,2026-04-20,37.284623,127.136457
0001669,류채원,F,1986-08-15,경기,용인시 기흥구,2026-04-20,37.2653,127.096645
0001670,서지우,F,1969-05-31,경기,수원시 권선구,2026-04-20,37.276572,126.969193
0001671,한시우,F,1990-04-15,경기,용인시 수지구,2026-04-21,37.311815,127.10259
0001672,권준서,F,2000-12-31,경기,용인시 수지구,2026-04-21,37.324791,127.107343
0001673,권현우,M,1980-10-28,경기,수원시 팔달구,2026-04-21,37.266242,127.008073
0001674,서민준,F,1991-02-12,경기,용인시 기흥구,2026-04-21,37.278661,127.130072
0001675,임지아,F,1983-08-14,경기,수원시 영통구,2026-04-21,37.238653,127.023912
0001676,황서윤,M,1968-05-14,경기,수원시 영통구,2026-04-21,37.255113,127.039788
0001677,안서윤,M,1980-08-09,경기,수원시 장안구,2026-04-21,37.329453,127.031406
0001678,조서윤,F,1986-07-07,경기,수원시 권선구,2026-04-21,37.260462,126.984024
0001679,송서연,M,1976-02-27,경기,용인시 기흥구,2026-04-21,37.285059,127.093155
0001680,임도윤,F,1971-04-02,경기,용인시 기흥구,2026-04-21,37.272003,127.154151
0001681,송서윤,M,1982-07-25,경기,용인시 기흥구,2026-04-22,37.263422,127.129068
0001682,이지훈,M,1965-12-29,경기,용인시 처인구,2026-04-22,37.246189,127.196283
0001683,윤지아,M,1996-12-01,경기,화성시,2026-04-22,37.213783,126.848589
0001684,서현우,F,1966-05-28,경기,용인시 수지구,2026-04-22,37.319439,127.127737
0001685,윤채원,F,1999-09-16,경기,용인시 기흥구,2026-04-22,37.294354,127.119294
0001686,신민준,F,1998-08-17,경기,수원시 장안구,2026-04-22,37.291347,127.004386
0001687,장수아,M,2001-01-07,경기,수원시 영통구,2026-04-22,37.251256,127.049138
0001688,서서윤,F,1971-11-01,경기,용인시 처인구,2026-04-22,37.234425,127.2218
0001689,이지호,F,2000-08-30,경기,용인시 기흥구,2026-04-22,37.275639,127.113264
0001690,윤예준,F,1981-03-07,경기,수원시 팔달구,2026-04-22,37.285232,127.038232
0001691,안지우,M,1999-08-04,경기,용인시 기흥구,2026-04-22,37.266161,127.122212
0001692,장주원,M,1978-05-11,경기,용인시 처인구,2026-04-22,37.248031,127.201843
0001693,류도윤,F,2004-04-22,경기,수원시 팔달구,2026-04-22,37.267743,127.018316
0001694,최다은,M,1981-12-13,경기,화성시,2026-04-22,37.170708,126.837401
0001695,정하린,F,1980-11-08,경기,용인시 수지구,2026-04-22,37.317815,127.095011
0001696,이수아,M,1972-09-21,경기,용인시 수지구,2026-04-22,37.323995,127.093809
0001697,이주원,F,2001-02-25,경기,화성시,2026-04-23,37.187169,126.810011
0001698,신시우,M,1988-11-26,경기,수원시 영통구,2026-04-23,37.261463,127.030087
0001699,이지우,M,1988-09-13,경기,수원시 영통구,2026-04-23,37.272191,127.038227
0001700,송주원,M,1973-11-09,경기,용인시 기흥구,2026-04-23,37.263583,127.085277
0001701,신주원,M,2000-04-06,경기,수원시 권선구,2026-04-23,37.257615,126.9997
0001702,이시우,F,2001-02-08,경기,용인시 기흥구,2026-04-23,37.263025,127.093221
0001703,홍지호,F,1968-01-13,경기,용인시 수지구,2026-04-23,37.329868,127.110816
0001704,황주원,F,1975-11-11,경기,수원시 팔달구,2026-04-23,37.271301,127.012316
0001705,임하은,F,1988-07-16,경기,수원시 권선구,2026-04-23,37.22971,126.961276
0001706,황지아,M,1995-07-07,경기,수원시 영통구,2026-04-23,37.231208,127.059441
0001707,한민준,F,1991-01-22,경기,수원시 장안구,2026-04-23,37.290479,127.015507
0001708,윤채원,F,1970-08-02,경기,수원시 영통구,2026-04-23,37.253759,127.054387
0001709,송서윤,F,2003-05-28,경기,수원시 권선구,2026-04-23,37.254127,126.968075
0001710,강지우,M,1987-02-18,경기,용인시 기흥구,2026-04-23,37.294214,127.13693
0001711,임유나,F,2002-11-28,경기,화성시,2026-04-23,37.209944,126.835665
0001712,윤수아,F,1986-12-11,경기,용인시 수지구,2026-04-24,37.315607,127.097812
0001713,서지호,F,1979-09-26,경기,수원시 권선구,2026-04-24,37.280208,126.955099
0001714,송지호,F,1994-07-26,경기,수원시 권선구,2026-04-24,37.2724,126.955785
0001715,신하은,F,1974-04-22,경기,수원시 권선구,2026-04-24,37.260778,126.987472
0001716,오주원,M,1980-02-11,경기,수원시 영통구,2026-04-24,37.267591,127.041952
0001717,장서연,M,1997-05-05,경기,수원시 팔달구,2026-04-24,37.259383,126.987238
0001718,이지우,F,1998-09-07,경기,수원시 영통구,2026-04-24,37.287797,127.035616
0001719,한예준,F,2001-08-08,경기,용인시 수지구,2026-04-24,37.328329,127.094058
0001720,조수아,M,1997-02-12,경기,수원시 영통구,2026-04-25,37.248761,127.049843
0001721,윤다은,F,1995-04-27,경기,수원시 권선구,2026-04-25,37.263234,126.984063
0001722,김지호,M,1992-03-24,경기,화성시,2026-04-25,37.187133,126.845104
0001723,최하은,F,1969-10-01,경기,용인시 처인구,2026-04-25,37.209331,127.224782
0001724,오지우,F,1989-11-04,경기,용인시 처인구,2026-04-25,37.229819,127.192489
0001725,최건우,M,1972-12-17,경기,용인시 기흥구,2026-04-25,37.269817,127.121824
0001726,박예준,M,1992-01-03,경기,수원시 권선구,2026-04-25,37.247766,126.992462
0001727,안시우,M,1997-01-15,경기,화성시,2026-04-25,37.189501,126.857896
0001728,한지호,M,1998-04-08,경기,화성시,2026-04-25,37.179198,126.821827
0001729,조서연,M,1983-12-11,경기,수원시 권선구,2026-04-25,37.265995,126.987245
0001730,서지훈,F,1994-06-14,경기,용인시 수지구,2026-04-25,37.321806,127.098732
0001731,류지아,M,1988-03-07,경기,화성시,2026-04-25,37.204075,126.836839
0001732,서건우,M,1990-05-30,경기,수원시 팔달구,2026-04-25,37.303711,127.038365
0001733,권시우,F,1987-02-26,경기,수원시 권선구,2026-04-26,37.27552,126.937783
0001734,오민준,F,1989-04-20,경기,수원시 장안구,2026-04-26,37.330366,126.98209
0001735,안수아,M,1998-03-20,경기,수원시 장안구,2026-04-26,37.303673,126.988671
0001736,신준서,F,1978-02-10,경기,화성시,2026-04-26,37.196677,126.833009
0001737,홍서연,F,1968-01-04,경기,용인시 기흥구,2026-04-26,37.298247,127.100437
0001738,신하은,M,1974-07-01,경기,용인시 수지구,2026-04-26,37.306067,127.144185
0001739,오서윤,M,1992-06-22,경기,수원시 장안구,2026-04-26,37.319217,127.013924
0001740,안준서,F,2000-10-07,경기,용인시 기흥구,2026-04-26,37.273052,127.108808
0001741,신다은,M,1968-06-02,경기,용인시 기흥구,2026-04-27,37.303557,127.121118
0001742,서하린,F,1966-07-18,경기,용인시 수지구,2026-04-27,37.324327,127.09908
0001743,홍유나,F,1991-10-19,경기,용인시 수지구,2026-04-27,37.333427,127.099726
0001744,최지훈,F,1978-08-10,경기,수원시 영통구,2026-04-27,37.267552,127.051261
0001745,강예준,M,1984-07-06,경기,용인시 기흥구,2026-04-27,37.270556,127.133647
0001746,신주원,M,1987-09-30,경기,수원시 영통구,2026-04-27,37.272586,127.034576
0001747,황민준,M,1993-09-29,경기,화성시,2026-04-27,37.209155,126.837549
0001748,장건우,F,1986-06-04,경기,화성시,2026-04-27,37.201643,126.83544
0001749,송지우,F,1971-04-25,경기,용인시 처인구,2026-04-27,37.228213,127.215083
0001750,김현우,F,1994-09-27,경기,용인시 기흥구,2026-04-27,37.281965,127.124745
0001751,황하린,M,1975-02-27,경기,수원시 장안구,2026-04-27,37.298933,127.017601
0001752,임하린,M,1986-05-25,경기,수원시 영통구,2026-04-27,37.258011,127.05951
0001753,이다은,M,1997-02-07,경기,용인시 처인구,2026-04-27,37.243157,127.195997
0001754,신서윤,M,2002-08-12,경기,화성시,2026-04-27,37.22034,126.854147
0001755,오서연,F,1999-12-01,경기,수원시 권선구,2026-04-27,37.248508,126.973705
0001756,조수아,F,1966-06-29,경기,화성시,2026-04-28,37.1967,126.815723
0001757,류서윤,F,1983-12-24,경기,용인시 처인구,2026-04-28,37.202682,127.194228
0001758,최주원,F,1965-07-06,경기,수원시 영통구,2026-04-28,37.234943,127.040638
0001759,권지우,M,2003-04-08,경기,수원시 팔달구,2026-04-28,37.286636,127.000338
0001760,권준서,M,1983-07-21,경기,수원시 영통구,2026-04-28,37.239978,127.053386
0001761,서지호,F,1967-04-08,경기,용인시 기흥구,2026-04-28,37.258235,127.103603
0001762,박지훈,F,1982-05-19,경기,용인시 처인구,2026-04-28,37.250573,127.193443
0001763,서주원,F,1979-09-03,경기,수원시 장안구,2026-04-29,37.311518,127.014718
0001764,강서윤,F,1976-05-15,경기,용인시 기흥구,2026-04-29,37.263683,127.132663
0001765,윤지훈,M,1990-01-09,경기,화성시,2026-04-29,37.205879,126.831866
0001766,최유나,M,1967-02-05,경기,용인시 기흥구,2026-04-29,37.278405,127.11983
0001767,이민준,M,1980-07-10,경기,용인시 수지구,2026-04-29,37.314308,127.090606
0001768,이시우,F,1980-01-31,경기,용인시 기흥구,2026-04-29,37.294008,127.11117
0001769,장하린,M,1991-03-22,경기,용인시 처인구,2026-04-29,37.253441,127.195981
0001770,임하린,F,1978-10-27,경기,화성시,2026-04-29,37.201684,126.846948
0001771,서서윤,M,1976-04-21,경기,용인시 수지구,2026-04-30,37.341358,127.107554
0001772,최유나,M,1973-03-10,경기,수원시 영통구,2026-04-30,37.257593,127.056188
0001773,서주원,M,1992-07-31,경기,용인시 수지구,2026-04-30,37.344867,127.103912
0001774,홍건우,M,1990-04-13,경기,용인시 처인구,2026-04-30,37.277105,127.21426
0001775,김시우,F,1998-12-16,경기,용인시 기흥구,2026-04-30,37.31329,127.089241
0001776,윤예준,M,1984-06-30,경기,수원시 장안구,2026-04-30,37.285569,126.998384
0001777,최유나,M,1983-09-24,경기,용인시 처인구,2026-04-30,37.193381,127.201526
0001778,송건우,M,1978-04-17,경기,수원시 영통구,2026-04-30,37.272109,127.03976
0001779,황수아,M,1978-08-20,경기,수원시 영통구,2026-04-30,37.257021,127.018657
0001780,류하은,F,2003-05-22,경기,수원시 영통구,2026-05-01,37.259321,127.018306
0001781,박지훈,F,1987-09-30,경기,수원시 장안구,2026-05-01,37.340399,127.033793
0001782,한서윤,M,1979-06-22,경기,수원시 영통구,2026-05-01,37.283612,127.036241
0001783,강서윤,M,1977-11-15,경기,수원시 영통구,2026-05-01,37.273285,127.060637
0001784,권다은,F,1968-09-22,경기,수원시 장안구,2026-05-01,37.311303,127.018976
0001785,류준서,F,1996-08-06,경기,수원시 영통구,2026-05-01,37.239001,127.033383
0001786,박수아,M,1977-01-22,경기,용인시 수지구,2026-05-01,37.30422,127.082678
0001787,서건우,F,1985-03-25,경기,용인시 수지구,2026-05-01,37.320508,127.103312
0001788,윤하은,M,1992-11-14,경기,용인시 기흥구,2026-05-01,37.277026,127.124666
0001789,안도윤,F,1999-06-24,경기,수원시 장안구,2026-05-01,37.309679,127.020021
0001790,서지호,F,1974-10-21,경기,용인시 수지구,2026-05-01,37.288549,127.096475
0001791,김지우,M,1988-04-27,경기,용인시 처인구,2026-05-02,37.235754,127.200255
0001792,장준서,M,1986-04-28,경기,수원시 권선구,2026-05-02,37.280406,126.967264
0001793,송다은,M,1992-10-31,경기,수원시 장안구,2026-05-02,37.295612,127.003677
0001794,조도윤,M,1987-07-20,경기,수원시 권선구,2026-05-02,37.270308,126.964202
0001795,이주원,F,1968-06-18,경기,용인시 처인구,2026-05-02,37.235366,127.184868
0001796,조수아,M,1995-10-07,경기,수원시 팔달구,2026-05-02,37.277929,127.014985
0001797,서다은,M,1984-01-31,경기,수원시 팔달구,2026-05-02,37.278643,127.018455
0001798,송주원,F,1999-09-12,경기,용인시 기흥구,2026-05-03,37.278955,127.136162
0001799,서지우,M,1977-08-06,경기,용인시 처인구,2026-05-03,37.227903,127.202427
0001800,오서연,M,1996-11-27,경기,화성시,2026-05-03,37.212778,126.819138
0001801,이다은,M,1993-01-31,경기,화성시,2026-05-03,37.188883,126.83893
0001802,오시우,F,2001-03-22,경기,용인시 처인구,2026-05-03,37.211637,127.198139
0001803,박주원,F,1980-06-25,경기,수원시 권선구,2026-05-03,37.252104,126.988577
0001804,신준서,F,1987-01-11,경기,수원시 영통구,2026-05-04,37.271478,127.031771
0001805,임예준,M,1987-08-26,경기,수원시 권선구,2026-05-04,37.269887,126.978031
0001806,강채원,F,1997-04-10,경기,화성시,2026-05-04,37.198131,126.81751
0001807,류채원,M,1972-12-28,경기,수원시 영통구,2026-05-04,37.262171,127.040475
0001808,조다은,F,1972-11-19,경기,수원시 영통구,2026-05-04,37.261624,127.077269
0001809,안주원,M,2003-03-04,경기,수원시 영통구,2026-05-04,37.239796,127.018371
0001810,정지우,F,2002-01-17,경기,수원시 팔달구,2026-05-04,37.268184,127.040147
0001811,김지우,M,2002-01-10,경기,수원시 영통구,2026-05-05,37.28348,127.037531
0001812,윤하린,F,2002-01-01,경기,용인시 처인구,2026-05-05,37.230111,127.215946
0001813,김유나,M,1991-09-23,경기,수원시 팔달구,2026-05-05,37.283573,127.035412
0001814,류다은,M,2003-01-24,경기,수원시 영통구,2026-05-05,37.28211,127.030205
0001815,안수아,F,2004-08-23,경기,용인시 수지구,2026-05-05,37.303299,127.093658
0001816,오민준,M,1973-01-17,경기,수원시 권선구,2026-05-05,37.261267,126.96174
0001817,홍지아,F,1969-02-11,경기,용인시 수지구,2026-05-05,37.311962,127.089749
0001818,윤하린,F,1983-10-23,경기,용인시 기흥구,2026-05-05,37.281974,127.106145
0001819,정서연,M,1968-12-08,경기,수원시 영통구,2026-05-05,37.2629,127.029615
0001820,김하린,M,1977-08-28,경기,용인시 수지구,2026-05-05,37.314877,127.078828
0001821,안지훈,F,1999-01-24,경기,용인시 수지구,2026-05-05,37.319055,127.079733
0001822,한수아,M,1972-05-30,경기,화성시,2026-05-05,37.201364,126.850821
0001823,류건우,F,1972-07-23,경기,수원시 영통구,2026-05-05,37.24306,127.028915
0001824,윤하은,M,1988-09-11,경기,수원시 장안구,2026-05-06,37.316007,127.019605
0001825,안도윤,F,1993-07-31,경기,수원시 권선구,2026-05-06,37.252129,126.97669
0001826,최민준,M,2003-04-04,경기,수원시 권선구,2026-05-06,37.292317,126.980047
0001827,오수아,F,1965-10-16,경기,수원시 영통구,2026-05-06,37.264175,127.049042
0001828,정수아,F,2001-04-25,경기,용인시 기흥구,2026-05-06,37.277215,127.104503
0001829,황유나,M,1996-05-02,경기,수원시 장안구,2026-05-06,37.292163,126.998764
0001830,윤지아,M,1979-07-29,경기,용인시 수지구,2026-05-06,37.30149,127.091552
0001831,오지아,F,2000-11-01,경기,용인시 수지구,2026-05-06,37.304527,127.127166
0001832,장지우,F,1990-08-25,경기,수원시 장안구,2026-05-06,37.325625,127.002116
0001833,강지우,M,1990-02-25,경기,용인시 기흥구,2026-05-06,37.282863,127.124163
0001834,권하은,F,1984-02-07,경기,화성시,2026-05-06,37.193858,126.831845
0001835,서현우,M,2001-04-07,경기,화성시,2026-05-07,37.179629,126.833944
0001836,신하린,F,1983-06-05,경기,수원시 팔달구,2026-05-07,37.29857,126.997198
0001837,이준서,F,1974-02-15,경기,용인시 처인구,2026-05-07,37.232442,127.194463
0001838,조수아,F,2000-09-14,경기,수원시 영통구,2026-05-07,37.261367,127.025429
0001839,류지훈,F,1982-05-02,경기,수원시 영통구,2026-05-07,37.24571,127.045796
0001840,장유나,M,1981-07-28,경기,수원시 권선구,2026-05-07,37.258181,126.958604
0001841,서현우,F,1967-03-18,경기,화성시,2026-05-07,37.205274,126.84658400000001
0001842,김하은,F,2001-08-04,경기,수원시 장안구,2026-05-07,37.289772,127.009771
0001843,안주원,F,1990-09-16,경기,수원시 권선구,2026-05-07,37.255949,126.96234
0001844,강도윤,F,1965-09-14,경기,수원시 팔달구,2026-05-07,37.269519,127.033242
0001845,류현우,M,1984-03-20,경기,수원시 권선구,2026-05-07,37.256588,126.948627
0001846,홍준서,F,1992-01-16,경기,수원시 영통구,2026-05-07,37.276817,127.023495
0001847,송현우,M,2000-05-13,경기,용인시 기흥구,2026-05-07,37.299743,127.129401
0001848,권도윤,M,1999-01-18,경기,수원시 장안구,2026-05-07,37.315856,127.031232
0001849,류민준,F,1972-12-17,경기,수원시 팔달구,2026-05-07,37.26389,127.026305
0001850,홍채원,M,1992-09-03,경기,용인시 기흥구,2026-05-07,37.311077,127.113588
0001851,장예준,F,1990-03-06,경기,용인시 기흥구,2026-05-07,37.273249,127.123394
0001852,임지우,F,1989-04-27,경기,용인시 수지구,2026-05-07,37.322391,127.07871
0001853,최주원,M,1991-04-29,경기,용인시 기흥구,2026-05-07,37.284906,127.110527
0001854,임건우,F,1999-12-09,경기,용인시 수지구,2026-05-07,37.318322,127.091197
0001855,최하린,F,1974-12-31,경기,용인시 수지구,2026-05-08,37.313836,127.091132
0001856,한도윤,M,1973-10-10,경기,수원시 장안구,2026-05-08,37.30928,127.001553
0001857,홍지아,M,1985-04-24,경기,수원시 장안구,2026-05-08,37.29327,127.001175
0001858,김다은,M,1965-06-29,경기,수원시 팔달구,2026-05-08,37.290688,127.033098
0001859,강지호,F,2001-08-19,경기,용인시 처인구,2026-05-08,37.252364,127.180253
0001860,권예준,M,1976-04-03,경기,수원시 장안구,2026-05-08,37.287119,127.009937
0001861,황주원,F,1998-08-03,경기,용인시 수지구,2026-05-08,37.293139,127.076261
0001862,강시우,M,2002-02-26,경기,수원시 영통구,2026-05-08,37.262126,127.068745
0001863,한시우,M,1992-02-27,경기,용인시 기흥구,2026-05-08,37.265098,127.120115
0001864,오예준,M,2002-05-17,경기,화성시,2026-05-08,37.171657,126.862471
0001865,신서연,M,1973-04-29,경기,수원시 권선구,2026-05-08,37.26763,126.958346
0001866,권지아,F,1997-06-24,경기,화성시,2026-05-08,37.188712,126.816994
0001867,황주원,M,1968-12-20,경기,수원시 장안구,2026-05-09,37.320672,127.013788
0001868,임지아,F,1974-10-17,경기,수원시 영통구,2026-05-09,37.272296,127.0041
0001869,윤서연,F,1987-10-11,경기,수원시 팔달구,2026-05-09,37.274744,127.039967
0001870,서도윤,M,2003-12-18,경기,용인시 수지구,2026-05-09,37.321462,127.066193
0001871,장채원,M,1970-04-03,경기,용인시 수지구,2026-05-09,37.306527,127.071261
0001872,김서연,F,1991-04-13,경기,용인시 수지구,2026-05-09,37.323637,127.084319
0001873,황민준,F,1998-01-31,경기,용인시 기흥구,2026-05-09,37.284037,127.118856
0001874,홍지훈,F,2003-02-02,경기,수원시 권선구,2026-05-10,37.250305,126.964564
0001875,홍하린,F,1983-08-06,경기,화성시,2026-05-10,37.215253,126.832808
0001876,이지우,M,1981-03-04,경기,수원시 영통구,2026-05-10,37.243086,127.057946
0001877,신예준,M,1996-10-22,경기,용인시 수지구,2026-05-10,37.310821,127.085401
0001878,임다은,M,1987-03-04,경기,용인시 수지구,2026-05-10,37.30384,127.118206
0001879,송유나,M,1990-04-28,경기,용인시 기흥구,2026-05-10,37.27851,127.139924
0001880,조지아,M,1990-09-29,경기,용인시 기흥구,2026-05-10,37.268967,127.122958
0001881,한하린,F,1966-01-20,경기,용인시 처인구,2026-05-10,37.21954,127.21255
0001882,송지훈,M,1983-02-26,경기,용인시 기흥구,2026-05-10,37.264353,127.117565
0001883,박채원,F,1995-08-24,경기,용인시 수지구,2026-05-10,37.315125,127.105242
0001884,조유나,M,2000-03-16,경기,수원시 영통구,2026-05-10,37.256433,127.054187
0001885,조서연,F,1972-09-20,경기,수원시 장안구,2026-05-10,37.289283,127.002475
0001886,조하은,F,1997-11-05,경기,용인시 처인구,2026-05-10,37.243099,127.206516
0001887,김도윤,F,1972-10-22,경기,수원시 영통구,2026-05-10,37.257016,127.02745
0001888,황지아,F,1993-09-04,경기,수원시 팔달구,2026-05-10,37.298984,127.032083
0001889,홍준서,F,1972-08-09,경기,수원시 권선구,2026-05-10,37.245732,126.948136
0001890,송건우,F,1973-09-26,경기,수원시 권선구,2026-05-10,37.270308,126.961344
0001891,안주원,F,1973-11-29,경기,수원시 권선구,2026-05-10,37.239269,126.938346
0001892,오민준,M,1965-11-30,경기,용인시 기흥구,2026-05-11,37.296046,127.110906
0001893,김지아,M,1983-10-16,경기,수원시 영통구,2026-05-11,37.271278,127.060762
0001894,강민준,F,1989-01-25,경기,용인시 처인구,2026-05-11,37.2331,127.200849
0001895,김예준,F,1996-02-23,경기,수원시 권선구,2026-05-11,37.260998,126.963554
0001896,권채원,F,1984-02-10,경기,수원시 팔달구,2026-05-11,37.266176,127.040261
0001897,임예준,M,1987-09-22,경기,용인시 처인구,2026-05-11,37.246041,127.190947
0001898,황서연,M,1969-11-19,경기,용인시 수지구,2026-05-11,37.330837,127.111159
0001899,장지훈,M,1970-12-15,경기,수원시 팔달구,2026-05-11,37.269581,127.014252
0001900,안채원,F,1972-12-08,경기,수원시 권선구,2026-05-11,37.289217,126.950288
0001901,황주원,M,1970-02-24,경기,용인시 기흥구,2026-05-11,37.28309,127.110305
0001902,류서연,M,1975-06-12,경기,용인시 기흥구,2026-05-11,37.287379,127.097051
0001903,이주원,M,1973-12-29,경기,용인시 기흥구,2026-05-11,37.277472,127.11164
0001904,안시우,F,1994-06-25,경기,수원시 권선구,2026-05-11,37.262493,126.940256
0001905,서건우,M,2002-12-18,경기,용인시 수지구,2026-05-11,37.333175,127.104806
0001906,류현우,M,1967-12-08,경기,용인시 기흥구,2026-05-12,37.277716,127.10074
0001907,서서연,F,1994-02-10,경기,용인시 수지구,2026-05-12,37.319654,127.124079
0001908,안준서,F,1982-07-05,경기,수원시 영통구,2026-05-12,37.285813,127.054111
0001909,조건우,F,1992-02-01,경기,수원시 장안구,2026-05-12,37.28768,127.008494
0001910,권현우,F,1984-02-29,경기,수원시 영통구,2026-05-12,37.242463,127.044613
0001911,오수아,F,2002-12-24,경기,수원시 권선구,2026-05-12,37.231118,126.990043
0001912,장지호,F,1989-08-12,경기,용인시 기흥구,2026-05-12,37.268745,127.090166
0001913,박하은,F,2002-12-29,경기,화성시,2026-05-12,37.176699,126.843198
0001914,송채원,F,1989-10-25,경기,수원시 장안구,2026-05-12,37.3096,126.99501
0001915,장건우,F,1992-02-23,경기,화성시,2026-05-12,37.202481,126.864108
0001916,조시우,M,1965-04-07,경기,용인시 처인구,2026-05-13,37.248242,127.209809
0001917,황준서,F,1972-10-05,경기,용인시 기흥구,2026-05-13,37.261159,127.101248
0001918,권주원,F,1968-01-06,경기,용인시 처인구,2026-05-13,37.233095,127.207319
0001919,권채원,M,2004-07-23,경기,수원시 팔달구,2026-05-13,37.3251,127.019618
0001920,홍현우,M,1966-08-26,경기,수원시 권선구,2026-05-13,37.24818,126.960957
0001921,임예준,F,2001-03-04,경기,용인시 처인구,2026-05-13,37.207832,127.196662
0001922,권주원,F,1977-10-16,경기,수원시 권선구,2026-05-13,37.23898,126.968015
0001923,한지아,F,1990-07-13,경기,용인시 기흥구,2026-05-14,37.306875,127.102866
0001924,조서윤,F,1978-03-01,경기,수원시 영통구,2026-05-14,37.257374,127.047168
0001925,정민준,M,1974-04-11,경기,화성시,2026-05-14,37.183399,126.824069
0001926,오준서,F,1988-08-07,경기,화성시,2026-05-14,37.200713,126.840349
0001927,정지우,M,1976-10-30,경기,용인시 기흥구,2026-05-14,37.255591,127.124789
0001928,한지호,F,1968-11-14,경기,수원시 장안구,2026-05-14,37.297746,127.038518
0001929,한도윤,M,1995-01-08,경기,수원시 권선구,2026-05-14,37.243159,127.00131
0001930,조준서,F,1987-02-26,경기,수원시 영통구,2026-05-14,37.260128,127.044407
0001931,오시우,M,1976-12-10,경기,수원시 영통구,2026-05-14,37.252601,127.057582
0001932,송수아,F,1997-12-11,경기,용인시 기흥구,2026-05-15,37.28524,127.117733
0001933,임지훈,F,1990-03-25,경기,화성시,2026-05-15,37.221461,126.867422
0001934,이준서,F,1984-08-24,경기,수원시 팔달구,2026-05-15,37.288296,126.988447
0001935,장건우,M,1972-08-28,경기,용인시 기흥구,2026-05-15,37.257268,127.102262
0001936,김지호,F,1990-07-23,경기,수원시 장안구,2026-05-15,37.306308,127.014
0001937,한지아,F,1998-06-27,경기,수원시 팔달구,2026-05-15,37.275271,127.022612
0001938,권다은,F,1985-02-19,경기,용인시 처인구,2026-05-16,37.221538,127.2159
0001939,김준서,F,1967-10-12,경기,화성시,2026-05-16,37.201869,126.858107
0001940,김현우,M,1972-02-06,경기,수원시 권선구,2026-05-16,37.257623,126.971831
0001941,신서연,M,1977-02-02,경기,수원시 장안구,2026-05-16,37.326197,126.993603
0001942,최유나,M,2004-05-02,경기,용인시 기흥구,2026-05-16,37.295926,127.098816
0001943,신하린,F,1994-02-27,경기,수원시 권선구,2026-05-16,37.256506,126.958198
0001944,임예준,F,1990-09-08,경기,수원시 영통구,2026-05-17,37.279198,127.058741
0001945,박다은,M,1983-09-17,경기,수원시 영통구,2026-05-17,37.257729,127.056393
0001946,권지호,M,1969-10-18,경기,용인시 수지구,2026-05-17,37.311986,127.117049
0001947,안시우,M,1991-01-17,경기,수원시 장안구,2026-05-17,37.308242,127.004974
0001948,최건우,F,1985-05-02,경기,화성시,2026-05-17,37.174785,126.829433
0001949,임준서,F,1988-01-08,경기,수원시 영통구,2026-05-17,37.24223,127.048291
0001950,권지훈,F,2002-08-10,경기,용인시 처인구,2026-05-17,37.227458,127.189785
0001951,홍시우,F,1979-07-10,경기,용인시 수지구,2026-05-17,37.342064,127.104722
0001952,송유나,F,1983-07-19,경기,수원시 장안구,2026-05-17,37.318831,127.012398
0001953,안서윤,F,1986-01-07,경기,용인시 처인구,2026-05-17,37.253365,127.201948
0001954,김지훈,M,1965-06-04,경기,화성시,2026-05-17,37.212707,126.814511
0001955,오다은,F,1977-10-02,경기,용인시 수지구,2026-05-17,37.331076,127.085428
0001956,서하린,F,1994-07-29,경기,수원시 장안구,2026-05-18,37.286155,127.005083
0001957,류도윤,M,1989-05-02,경기,용인시 수지구,2026-05-18,37.321971,127.112015
0001958,한준서,F,1972-05-21,경기,수원시 장안구,2026-05-18,37.297847,127.006424
0001959,조서연,F,1999-09-08,경기,화성시,2026-05-18,37.18705,126.842512
0001960,윤시우,M,1985-04-28,경기,수원시 영통구,2026-05-18,37.241959,127.062511
0001961,서하은,M,1998-06-26,경기,수원시 영통구,2026-05-18,37.244704,127.042047
0001962,안하린,M,2001-06-28,경기,화성시,2026-05-18,37.19654,126.839556
0001963,황지우,F,1972-06-06,경기,화성시,2026-05-18,37.218177,126.837794
0001964,임지아,M,2002-12-16,경기,용인시 수지구,2026-05-18,37.306542,127.088907
0001965,이서연,M,2004-04-12,경기,용인시 기흥구,2026-05-19,37.290028,127.128171
0001966,송하린,F,1970-03-02,경기,용인시 기흥구,2026-05-19,37.290285,127.134124
0001967,송시우,F,1989-08-17,경기,용인시 기흥구,2026-05-19,37.269668,127.12931
0001968,윤하린,F,1994-10-18,경기,수원시 영통구,2026-05-19,37.284405,127.034285
0001969,조수아,M,1984-03-11,경기,용인시 기흥구,2026-05-19,37.272476,127.119749
0001970,황주원,F,2003-07-28,경기,수원시 장안구,2026-05-19,37.299463,127.009107
0001971,박지아,F,1982-03-01,경기,용인시 처인구,2026-05-19,37.227795,127.200856
0001972,이하은,F,2004-08-14,경기,화성시,2026-05-19,37.211456,126.828531
0001973,송예준,F,1995-05-23,경기,수원시 팔달구,2026-05-20,37.277317,127.017308
0001974,정하린,F,1991-08-22,경기,용인시 기흥구,2026-05-20,37.272077,127.116495
0001975,안채원,F,2000-02-12,경기,수원시 권선구,2026-05-20,37.275487,126.967483
0001976,홍주원,F,1993-02-09,경기,용인시 처인구,2026-05-20,37.24645,127.197787
0001977,조서윤,F,1986-09-17,경기,용인시 수지구,2026-05-20,37.327077,127.102699
0001978,오주원,F,1969-01-29,경기,용인시 처인구,2026-05-20,37.234192,127.205052
0001979,최지호,M,1965-05-14,경기,수원시 팔달구,2026-05-20,37.287335,127.010313
0001980,강도윤,M,1984-06-13,경기,용인시 처인구,2026-05-20,37.245364,127.192349
0001981,강도윤,F,1977-04-09,경기,화성시,2026-05-20,37.19471,126.857465
0001982,신서윤,F,1988-05-29,경기,용인시 수지구,2026-05-20,37.314135,127.088456
0001983,윤서연,F,2004-05-22,경기,수원시 팔달구,2026-05-21,37.287376,127.031615
0001984,황시우,M,1997-10-12,경기,수원시 팔달구,2026-05-21,37.278101,127.000861
0001985,윤지훈,F,1982-10-27,경기,화성시,2026-05-21,37.20113,126.824814
0001986,정지호,F,1971-10-18,경기,용인시 수지구,2026-05-21,37.317019,127.093706
0001987,권유나,F,1979-02-13,경기,수원시 영통구,2026-05-21,37.284523,127.051504
0001988,류시우,F,1971-03-18,경기,수원시 영통구,2026-05-21,37.227047,127.062445
0001989,안건우,F,1994-09-25,경기,수원시 팔달구,2026-05-22,37.285892,127.014618
0001990,황준서,F,1990-04-24,경기,수원시 영통구,2026-05-22,37.23575,127.034204
0001991,오도윤,M,1979-04-30,경기,수원시 영통구,2026-05-22,37.262441,127.058637
0001992,서현우,M,1985-09-13,경기,용인시 처인구,2026-05-22,37.242986,127.179537
0001993,한지훈,F,1976-07-04,경기,수원시 영통구,2026-05-22,37.26055,127.070204
0001994,서유나,M,1972-12-16,경기,수원시 장안구,2026-05-22,37.316808,126.989475
0001995,송하은,M,1982-07-30,경기,화성시,2026-05-22,37.19252,126.865401
0001996,홍수아,M,1992-03-18,경기,용인시 기흥구,2026-05-22,37.278446,127.12754
0001997,임민준,F,1994-08-06,경기,수원시 장안구,2026-05-22,37.304983,127.009372
0001998,류서연,M,1991-05-22,경기,화성시,2026-05-22,37.220482,126.820955
0001999,윤채원,M,1989-03-30,경기,수원시 권선구,2026-05-22,37.26749,126.985934
0002000,한하은,F,1984-09-10,경기,수원시 팔달구,2026-05-22,37.266083,127.016041
0002001,이지호,F,1970-10-15,경기,수원시 장안구,2026-05-23,37.297319,127.014244
0002002,장서연,M,1984-02-26,경기,용인시 기흥구,2026-05-23,37.277659,127.113036
0002003,임하린,F,1991-10-21,경기,용인시 수지구,2026-05-23,37.307812,127.078127
0002004,한예준,F,1978-09-19,경기,수원시 장안구,2026-05-23,37.296805,127.007847
0002005,신서연,F,1993-06-03,경기,화성시,2026-05-23,37.206783,126.81865
0002006,이준서,F,1975-02-09,경기,화성시,2026-05-23,37.181634,126.826938
0002007,최주원,F,1968-07-15,경기,수원시 권선구,2026-05-23,37.267253,126.98425
0002008,조지호,F,1990-08-06,경기,수원시 팔달구,2026-05-23,37.277177,127.014893
0002009,이주원,F,2004-01-27,경기,수원시 권선구,2026-05-24,37.239677,126.983345
0002010,황도윤,F,1978-07-18,경기,수원시 권선구,2026-05-24,37.259115,126.984084
0002011,류예준,F,1971-07-18,경기,화성시,2026-05-24,37.186519,126.838629
0002012,신지훈,M,1996-10-25,경기,수원시 영통구,2026-05-24,37.261774,127.03493
0002013,김수아,M,2004-04-25,경기,수원시 영통구,2026-05-24,37.270594,127.029988
0002014,최준서,F,1996-06-08,경기,수원시 권선구,2026-05-24,37.258648,126.996543
0002015,류민준,M,1996-08-15,경기,화성시,2026-05-24,37.19068,126.847455
0002016,송준서,M,1974-02-03,경기,수원시 영통구,2026-05-24,37.257308,127.06476
0002017,김주원,F,1997-03-29,경기,수원시 영통구,2026-05-24,37.251894,127.055647
0002018,정채원,M,1981-06-26,경기,수원시 장안구,2026-05-24,37.312918,127.02458
0002019,신건우,M,2000-05-17,경기,수원시 권선구,2026-05-24,37.261656,126.981457
0002020,박시우,F,1976-08-31,경기,용인시 처인구,2026-05-24,37.229995,127.202538
0002021,오서윤,M,1973-11-06,경기,화성시,2026-05-24,37.223887,126.826829
0002022,이현우,F,1970-11-22,경기,용인시 수지구,2026-05-24,37.327633,127.106069
0002023,이수아,F,1966-12-28,경기,용인시 처인구,2026-05-25,37.247555,127.188959
0002024,홍유나,M,1977-09-25,경기,용인시 수지구,2026-05-25,37.314031,127.091636
0002025,조서윤,M,1991-04-19,경기,용인시 수지구,2026-05-25,37.333945,127.102815
0002026,박서연,M,1993-11-12,경기,용인시 수지구,2026-05-25,37.328679,127.092406
0002027,장준서,M,1966-01-10,경기,용인시 처인구,2026-05-25,37.197968,127.199143
0002028,송지아,M,1990-07-14,경기,용인시 처인구,2026-05-25,37.25473,127.204492
0002029,임하은,F,1997-06-21,경기,수원시 장안구,2026-05-25,37.299629,126.99524
0002030,오도윤,M,1966-06-22,경기,수원시 장안구,2026-05-25,37.288824,127.014091
0002031,황하린,F,1994-02-20,경기,용인시 기흥구,2026-05-25,37.31385,127.128808
0002032,강준서,F,1978-01-04,경기,용인시 처인구,2026-05-25,37.22504,127.192186
0002033,임지훈,F,1965-10-08,경기,수원시 권선구,2026-05-25,37.262802,127.002256
0002034,강시우,M,1969-03-09,경기,수원시 장안구,2026-05-25,37.312377,127.020187
0002035,윤지훈,F,1990-09-25,경기,용인시 수지구,2026-05-25,37.310616,127.102598
0002036,황지훈,F,1968-01-20,경기,용인시 수지구,2026-05-25,37.320541,127.1203
0002037,류시우,F,1967-02-21,경기,용인시 처인구,2026-05-26,37.25106,127.210082
0002038,안지훈,F,1976-04-23,경기,수원시 팔달구,2026-05-26,37.282545,127.03247
0002039,서채원,F,1968-07-02,경기,수원시 팔달구,2026-05-26,37.303941,127.004301
0002040,윤지아,M,1995-01-27,경기,용인시 기흥구,2026-05-26,37.279446,127.115608
0002041,강현우,F,1970-10-17,경기,용인시 기흥구,2026-05-26,37.261482,127.11862
0002042,오준서,F,1991-05-10,경기,수원시 팔달구,2026-05-26,37.305716,127.04374
0002043,서현우,F,1987-06-24,경기,용인시 수지구,2026-05-26,37.27954,127.097891
0002044,임채원,F,1994-03-20,경기,수원시 권선구,2026-05-27,37.265914,126.94567
0002045,윤현우,M,1971-11-10,경기,용인시 수지구,2026-05-27,37.331598,127.119119
0002046,서하은,M,1974-02-04,경기,수원시 권선구,2026-05-27,37.243287,126.97115
0002047,최예준,F,1972-12-06,경기,수원시 팔달구,2026-05-27,37.269184,127.015989
0002048,박지우,F,1982-04-11,경기,수원시 영통구,2026-05-27,37.264913,127.034526
0002049,송지아,M,1985-10-17,경기,용인시 수지구,2026-05-27,37.337409,127.106189
0002050,조유나,M,1999-07-19,경기,용인시 처인구,2026-05-27,37.238628,127.196478
0002051,임하린,M,1980-01-24,경기,용인시 기흥구,2026-05-28,37.28764,127.118091
0002052,최하은,F,1975-12-14,경기,화성시,2026-05-28,37.187377,126.81572800000001
0002053,윤지호,M,1983-08-30,경기,용인시 처인구,2026-05-28,37.24351,127.198045
0002054,박지아,F,2002-08-25,경기,용인시 기흥구,2026-05-28,37.271276,127.09648
0002055,임지아,M,1988-12-31,경기,용인시 기흥구,2026-05-28,37.289075,127.126987
0002056,한하은,F,1989-12-13,경기,수원시 영통구,2026-05-28,37.22973,127.04159
0002057,류서연,F,1983-01-06,경기,수원시 권선구,2026-05-28,37.261592,126.955767
0002058,조도윤,F,1972-12-23,경기,용인시 수지구,2026-05-28,37.334277,127.062089
0002059,장서연,M,1978-11-23,경기,수원시 장안구,2026-05-29,37.293633,127.00332
0002060,안다은,M,1975-03-19,경기,수원시 권선구,2026-05-29,37.236466,126.955909
0002061,류다은,M,1976-06-13,경기,수원시 영통구,2026-05-29,37.252548,127.034346
0002062,최하린,F,1996-12-20,경기,수원시 권선구,2026-05-29,37.269234,126.965024
0002063,이하린,M,2004-07-24,경기,화성시,2026-05-29,37.224439,126.833628
0002064,오하린,M,1990-10-16,경기,용인시 처인구,2026-05-29,37.234548,127.226044
0002065,윤하은,M,1974-06-19,경기,수원시 영통구,2026-05-29,37.233617,127.041724
0002066,송하린,F,1969-10-21,경기,화성시,2026-05-29,37.21059,126.848154
0002067,서서윤,F,2002-11-27,경기,용인시 기흥구,2026-05-29,37.268434,127.100655
0002068,송준서,F,1991-12-22,경기,수원시 장안구,2026-05-29,37.318847,126.988556
0002069,이유나,F,2004-04-25,경기,수원시 영통구,2026-05-29,37.252018,127.027314
0002070,홍유나,M,1969-10-15,경기,용인시 수지구,2026-05-29,37.313605,127.095158
0002071,임하은,F,1974-08-02,경기,수원시 팔달구,2026-05-29,37.292486,127.021868
0002072,윤건우,M,1990-02-10,경기,화성시,2026-05-29,37.231649,126.831425
0002073,한다은,F,1979-09-06,경기,화성시,2026-05-29,37.217047,126.833304
0002074,류민준,F,1967-02-07,경기,용인시 수지구,2026-05-29,37.328268,127.106144
0002075,송하은,M,2002-07-18,경기,수원시 영통구,2026-05-30,37.245634,127.05945
0002076,서다은,M,1986-05-25,경기,용인시 처인구,2026-05-30,37.240653,127.18539
0002077,김유나,F,1992-07-02,경기,수원시 영통구,2026-05-30,37.242778,127.03092
0002078,황수아,M,1966-06-11,경기,수원시 장안구,2026-05-30,37.327229,127.02345
0002079,신민준,F,1981-08-11,경기,수원시 장안구,2026-05-30,37.313572,127.018076
0002080,정유나,M,1966-01-27,경기,용인시 기흥구,2026-05-30,37.271609,127.113676
0002081,오지아,F,1980-11-04,경기,용인시 수지구,2026-05-30,37.32258,127.107429
0002082,임주원,F,1981-02-21,경기,용인시 기흥구,2026-05-30,37.27093,127.093517
0002083,강채원,M,1979-02-28,경기,수원시 권선구,2026-05-31,37.256257,126.977649
0002084,이서윤,M,1992-08-03,경기,화성시,2026-05-31,37.20251,126.823152
0002085,안시우,M,1990-12-23,경기,용인시 기흥구,2026-05-31,37.295615,127.12812
0002086,윤주원,M,1993-01-02,경기,수원시 장안구,2026-05-31,37.311115,127.018472
0002087,임하은,M,1969-04-16,경기,수원시 권선구,2026-05-31,37.209173,126.977594
0002088,오서연,M,1970-02-03,경기,화성시,2026-05-31,37.196438,126.827408
0002089,박유나,F,1976-07-11,경기,수원시 영통구,2026-05-31,37.27755,127.059308
0002090,임지우,F,1994-12-29,경기,용인시 처인구,2026-05-31,37.250176,127.204137
0002091,정지아,M,2003-05-25,경기,용인시 처인구,2026-05-31,37.261596,127.208451
0002092,임지우,M,1987-12-15,경기,수원시 영통구,2026-05-31,37.253662,127.056346
0002093,조서연,M,1989-12-11,경기,수원시 장안구,2026-05-31,37.306751,127.018039
0002094,이건우,M,1978-10-25,경기,수원시 장안구,2026-05-31,37.291775,127.016172
0002095,장하린,F,2001-10-25,경기,수원시 권선구,2026-06-01,37.265907,126.983085
0002096,정다은,F,1971-03-14,경기,수원시 영통구,2026-06-01,37.285834,127.025571
0002097,한하은,M,1996-07-21,경기,용인시 기흥구,2026-06-01,37.265205,127.108779
0002098,서유나,M,1981-09-06,경기,수원시 팔달구,2026-06-01,37.261506,127.028457
0002099,류주원,M,1974-07-28,경기,수원시 영통구,2026-06-01,37.281174,127.05056
0002100,장도윤,M,2003-07-01,경기,화성시,2026-06-01,37.182029,126.837589
0002101,이하린,M,1995-11-06,경기,수원시 권선구,2026-06-01,37.252931,126.955676
0002102,권채원,M,2002-05-07,경기,수원시 권선구,2026-06-01,37.279636,126.969263
0002103,홍지훈,F,1980-09-23,경기,수원시 영통구,2026-06-02,37.272389,127.035064
0002104,홍지훈,F,1980-09-20,경기,수원시 영통구,2026-06-02,37.25257,127.045763
0002105,권수아,M,1992-10-20,경기,수원시 영통구,2026-06-02,37.270247,127.032295
0002106,이현우,M,1976-07-24,경기,수원시 팔달구,2026-06-02,37.284323,127.025088
0002107,오지아,F,1965-07-30,경기,수원시 영통구,2026-06-02,37.244604,127.041898
0002108,박유나,M,1990-12-28,경기,용인시 기흥구,2026-06-02,37.308847,127.105124
0002109,서지호,F,1999-09-08,경기,수원시 장안구,2026-06-02,37.300116,126.991616
0002110,박서윤,M,1992-05-11,경기,용인시 처인구,2026-06-02,37.223865,127.219621
0002111,송유나,M,1982-11-17,경기,화성시,2026-06-02,37.195719,126.828774
0002112,박지호,M,1999-06-15,경기,용인시 기흥구,2026-06-03,37.276633,127.104212
0002113,박시우,M,1975-06-15,경기,수원시 권선구,2026-06-03,37.257032,126.961285
0002114,박다은,F,1993-10-06,경기,용인시 기흥구,2026-06-03,37.287749,127.103934
0002115,서하은,M,1980-07-09,경기,수원시 장안구,2026-06-03,37.294141,127.016256
0002116,홍서연,F,1973-03-29,경기,용인시 수지구,2026-06-03,37.303156,127.096438
0002117,한주원,F,1990-05-24,경기,화성시,2026-06-03,37.204661,126.839278
0002118,김예준,M,1974-05-05,경기,수원시 영통구,2026-06-03,37.264069,127.03556
0002119,신서연,F,1996-09-12,경기,수원시 권선구,2026-06-03,37.254184,126.965624
0002120,조유나,M,2003-11-23,경기,수원시 장안구,2026-06-03,37.28291,127.029931
0002121,황주원,M,1998-05-01,경기,수원시 권선구,2026-06-03,37.268741,126.972683
0002122,강도윤,F,1965-04-17,경기,화성시,2026-06-03,37.256155,126.828879
0002123,박서윤,M,1997-07-18,경기,용인시 수지구,2026-06-03,37.308098,127.100835
0002124,조다은,M,1967-05-04,경기,수원시 영통구,2026-06-03,37.232677,127.045655
0002125,홍지훈,M,1982-02-11,경기,수원시 권선구,2026-06-03,37.244699,126.98504
0002126,윤다은,F,1988-04-07,경기,수원시 영통구,2026-06-03,37.276729,127.031462
0002127,윤지우,M,1982-10-07,경기,용인시 기흥구,2026-06-03,37.299362,127.099634
0002128,서서연,M,1988-07-01,경기,용인시 기흥구,2026-06-03,37.262987,127.125221
0002129,정하은,F,1999-11-20,경기,수원시 권선구,2026-06-03,37.248734,126.971249
0002130,김하린,F,1977-07-31,경기,용인시 처인구,2026-06-04,37.25605,127.228541
0002131,안지훈,M,1993-08-22,경기,수원시 장안구,2026-06-04,37.312521,126.983685
0002132,임도윤,M,1977-07-22,경기,화성시,2026-06-04,37.211776,126.861702
0002133,홍민준,F,2004-03-01,경기,수원시 장안구,2026-06-04,37.31237,127.036184
0002134,김지우,F,2003-12-29,경기,수원시 장안구,2026-06-04,37.286078,127.023119
0002135,강지호,F,1975-03-02,경기,수원시 팔달구,2026-06-04,37.278499,127.044726
0002136,신예준,F,1997-07-12,경기,용인시 기흥구,2026-06-04,37.290599,127.112634
0002137,홍지우,M,1976-02-25,경기,화성시,2026-06-04,37.202948,126.86852
0002138,김준서,M,1985-12-15,경기,화성시,2026-06-04,37.187372,126.829977
0002139,안지호,F,1965-03-02,경기,수원시 권선구,2026-06-04,37.264413,126.968202
0002140,오하린,M,1972-09-14,경기,수원시 팔달구,2026-06-04,37.277139,127.01487
0002141,황유나,F,1967-01-27,경기,용인시 처인구,2026-06-05,37.243673,127.185244
0002142,오유나,F,1995-07-30,경기,수원시 영통구,2026-06-05,37.266066,127.044605
0002143,황준서,F,1982-06-26,경기,수원시 장안구,2026-06-05,37.31004,127.007959
0002144,조도윤,M,1981-10-07,경기,용인시 처인구,2026-06-05,37.267566,127.20333
0002145,박채원,F,1974-11-23,경기,수원시 팔달구,2026-06-05,37.294349,127.05551
0002146,장건우,F,1974-03-29,경기,용인시 처인구,2026-06-05,37.248684,127.209224
0002147,조지호,M,1970-08-29,경기,용인시 처인구,2026-06-05,37.230159,127.208788
0002148,강준서,M,1981-06-30,경기,용인시 수지구,2026-06-05,37.305973,127.102559
0002149,류도윤,M,1999-08-12,경기,수원시 권선구,2026-06-05,37.278877,126.968888
0002150,김다은,F,1981-03-07,경기,용인시 기흥구,2026-06-05,37.274071,127.125876
0002151,류지우,M,1971-09-14,경기,용인시 수지구,2026-06-05,37.315729,127.078147
0002152,박지우,F,2002-04-05,경기,용인시 기흥구,2026-06-05,37.278349,127.105427
0002153,박하린,F,1996-07-11,경기,용인시 기흥구,2026-06-05,37.281627,127.114523
0002154,홍서연,M,1980-06-12,경기,수원시 장안구,2026-06-05,37.311048,126.988042
0002155,윤지아,F,2001-06-22,경기,수원시 장안구,2026-06-05,37.286629,127.013763
0002156,안서연,M,1978-06-11,경기,수원시 권선구,2026-06-05,37.233979,126.976653
0002157,강채원,F,1969-02-18,경기,수원시 권선구,2026-06-06,37.283075,127.001319
0002158,정다은,M,1998-11-06,경기,화성시,2026-06-06,37.180472,126.843466
0002159,최서윤,F,1983-07-30,경기,용인시 수지구,2026-06-06,37.310512,127.125406
0002160,장서연,F,1984-10-27,경기,수원시 영통구,2026-06-06,37.282649,127.069682
0002161,안하은,F,1974-02-11,경기,용인시 기흥구,2026-06-06,37.28551,127.099086
0002162,신채원,M,1970-09-26,경기,수원시 팔달구,2026-06-06,37.26691,127.008805
0002163,안도윤,M,1990-04-02,경기,화성시,2026-06-06,37.225485,126.833766
0002164,정다은,M,1997-05-16,경기,용인시 처인구,2026-06-06,37.242491,127.177559
0002165,박하린,M,1997-06-15,경기,화성시,2026-06-06,37.224431,126.833571
0002166,오건우,M,1993-06-27,경기,수원시 팔달구,2026-06-06,37.28843,127.013481
0002167,윤채원,F,1991-06-20,경기,수원시 장안구,2026-06-06,37.305498,127.003931
0002168,오하린,M,1970-07-07,경기,화성시,2026-06-06,37.171748,126.836439
0002169,신지우,M,2002-09-14,경기,용인시 기흥구,2026-06-06,37.281522,127.091197
0002170,오예준,F,1992-04-07,경기,수원시 장안구,2026-06-06,37.305072,127.001714
0002171,박다은,M,1983-11-05,경기,수원시 권선구,2026-06-06,37.27079,126.986905
0002172,신유나,F,1997-10-16,경기,용인시 기흥구,2026-06-07,37.268299,127.114114
0002173,오준서,F,2000-01-24,경기,수원시 장안구,2026-06-07,37.292767,127.00777
0002174,한유나,M,1988-09-16,경기,화성시,2026-06-07,37.218483,126.826112
0002175,최민준,F,1983-05-15,경기,수원시 권선구,2026-06-07,37.266001,126.95707
0002176,안서윤,M,1994-04-27,경기,수원시 영통구,2026-06-07,37.270393,127.043293
0002177,신현우,M,1983-02-18,경기,수원시 장안구,2026-06-07,37.294154,126.982162
0002178,김서연,M,2004-04-03,경기,수원시 영통구,2026-06-07,37.250355,127.041592
0002179,조유나,M,1993-03-02,경기,수원시 팔달구,2026-06-07,37.275974,126.995806
0002180,김현우,M,1981-11-11,경기,화성시,2026-06-07,37.203471,126.847558
0002181,오도윤,M,1994-08-15,경기,수원시 권선구,2026-06-07,37.246371,126.999192
0002182,안도윤,F,1973-04-09,경기,수원시 권선구,2026-06-07,37.237145,126.98612
0002183,안현우,F,1999-08-01,경기,수원시 권선구,2026-06-07,37.272984,126.990216
0002184,서수아,M,1986-01-15,경기,용인시 수지구,2026-06-07,37.3106,127.108112
0002185,이하린,M,1974-02-16,경기,용인시 기흥구,2026-06-07,37.288828,127.128869
0002186,장수아,M,2003-05-30,경기,수원시 영통구,2026-06-07,37.253667,127.049603
0002187,한서윤,M,1993-07-20,경기,수원시 권선구,2026-06-07,37.278044,126.98532
0002188,류하은,F,1991-07-05,경기,수원시 팔달구,2026-06-08,37.292688,127.024508
0002189,황시우,F,1994-11-15,경기,용인시 수지구,2026-06-08,37.325655,127.084571
0002190,정민준,F,1969-07-11,경기,화성시,2026-06-08,37.168145,126.838846
0002191,안준서,F,1981-12-28,경기,용인시 기흥구,2026-06-08,37.296859,127.124333
0002192,정민준,M,1973-07-07,경기,수원시 장안구,2026-06-08,37.323962,127.025839
0002193,정주원,F,2001-11-06,경기,용인시 수지구,2026-06-08,37.327682,127.093534
0002194,황시우,M,1997-01-31,경기,수원시 장안구,2026-06-08,37.299304,127.005276
0002195,윤다은,M,1979-06-18,경기,용인시 기흥구,2026-06-08,37.303724,127.11097
0002196,박다은,F,1986-12-20,경기,화성시,2026-06-08,37.193647,126.842319
0002197,장준서,F,1991-08-30,경기,수원시 권선구,2026-06-08,37.249337,126.997238
0002198,강다은,M,1994-10-03,경기,용인시 수지구,2026-06-09,37.318309,127.081024
0002199,송민준,F,1966-05-02,경기,용인시 기흥구,2026-06-09,37.283194,127.121664
0002200,장다은,M,1977-02-18,경기,수원시 장안구,2026-06-09,37.307509,126.980905
0002201,강하은,M,1975-01-12,경기,수원시 팔달구,2026-06-09,37.296545,127.024944
0002202,정유나,M,1993-06-05,경기,수원시 팔달구,2026-06-09,37.268905,127.024508
0002203,이하은,M,1989-04-08,경기,용인시 기흥구,2026-06-09,37.292438,127.153543
0002204,오건우,M,1997-02-03,경기,수원시 권선구,2026-06-09,37.26402,126.966823
0002205,장도윤,M,1967-06-16,경기,수원시 영통구,2026-06-09,37.268462,127.031119
0002206,권서윤,F,1966-12-04,경기,수원시 영통구,2026-06-09,37.235814,127.057155
0002207,이준서,F,1986-06-03,경기,용인시 기흥구,2026-06-10,37.278324,127.117742
0002208,김유나,M,1977-07-21,경기,수원시 영통구,2026-06-10,37.252176,127.039533
0002209,박지아,F,1992-02-19,경기,화성시,2026-06-10,37.194749,126.852986
0002210,권주원,M,1986-03-24,경기,수원시 영통구,2026-06-10,37.264666,127.020074
0002211,임도윤,F,1998-01-04,경기,용인시 수지구,2026-06-10,37.311879,127.094917
0002212,안지아,F,1976-12-09,경기,수원시 권선구,2026-06-10,37.289911,126.994961
0002213,최수아,F,1995-08-21,경기,수원시 팔달구,2026-06-11,37.281574,126.995198
0002214,류유나,M,1985-04-22,경기,용인시 처인구,2026-06-11,37.226741,127.187338
0002215,강유나,M,1977-03-08,경기,수원시 권선구,2026-06-11,37.264333,126.958862
0002216,권지호,F,1974-11-18,경기,화성시,2026-06-11,37.186136,126.807074
0002217,박수아,F,1990-10-22,경기,수원시 장안구,2026-06-11,37.295154,126.99772
0002218,홍지아,F,1987-05-16,경기,수원시 팔달구,2026-06-11,37.26475,127.030819
0002219,정지호,F,1981-04-30,경기,용인시 수지구,2026-06-11,37.313235,127.11587
0002220,안서연,M,1979-06-12,경기,용인시 처인구,2026-06-11,37.237824,127.220887
0002221,윤하린,F,1971-03-07,경기,화성시,2026-06-11,37.190477,126.805759
0002222,최주원,M,1965-09-13,경기,수원시 권선구,2026-06-11,37.26861,126.975449
0002223,장지훈,M,1997-03-30,경기,용인시 기흥구,2026-06-11,37.278958,127.116438
0002224,안지훈,M,1967-09-22,경기,수원시 장안구,2026-06-11,37.301171,126.981888
0002225,홍채원,F,1989-04-19,경기,수원시 권선구,2026-06-11,37.242006,127.003047
0002226,장민준,F,1996-09-29,경기,용인시 수지구,2026-06-12,37.312923,127.099364
0002227,류지훈,M,1966-12-18,경기,용인시 기흥구,2026-06-12,37.239727,127.106699
0002228,서서연,M,1988-12-04,경기,용인시 수지구,2026-06-12,37.32397,127.098101
0002229,정준서,M,1995-08-21,경기,용인시 기흥구,2026-06-12,37.246401,127.131484
0002230,박채원,M,1994-01-03,경기,용인시 수지구,2026-06-12,37.320518,127.099672
0002231,조서윤,M,1982-09-08,경기,수원시 영통구,2026-06-12,37.244651,127.048411
0002232,최현우,M,1966-12-22,경기,수원시 장안구,2026-06-12,37.310239,127.014057
0002233,홍예준,F,1975-02-03,경기,용인시 수지구,2026-06-12,37.303022,127.130854
0002234,안주원,F,1968-03-02,경기,수원시 영통구,2026-06-12,37.27409,127.036358
0002235,박채원,M,1975-09-25,경기,수원시 장안구,2026-06-12,37.323608,127.037877
0002236,서주원,F,1983-06-05,경기,수원시 영통구,2026-06-12,37.230777,127.085385
0002237,장수아,F,1983-06-24,경기,수원시 영통구,2026-06-12,37.257114,127.041241
0002238,윤민준,F,1978-05-19,경기,용인시 기흥구,2026-06-12,37.292467,127.08658
0002239,안현우,F,1984-09-12,경기,수원시 장안구,2026-06-13,37.31549,127.053042
0002240,박현우,M,2000-03-01,경기,용인시 기흥구,2026-06-13,37.273258,127.083318
0002241,송하린,F,1978-08-05,경기,수원시 장안구,2026-06-13,37.25269,127.015903
0002242,강서연,F,1995-07-28,경기,용인시 기흥구,2026-06-13,37.29143,127.131054
0002243,김수아,M,1978-02-04,경기,수원시 영통구,2026-06-13,37.265287,127.042865
0002244,정지아,M,1990-04-18,경기,화성시,2026-06-13,37.203522,126.841428
0002245,윤다은,F,1990-04-04,경기,수원시 권선구,2026-06-13,37.245432,126.992989
0002246,신채원,F,2003-11-20,경기,수원시 장안구,2026-06-13,37.317037,127.01801
0002247,권서윤,F,1990-05-03,경기,용인시 기흥구,2026-06-13,37.262849,127.133311
0002248,한하린,F,1970-02-26,경기,용인시 기흥구,2026-06-13,37.279938,127.121347
0002249,이예준,M,1979-05-08,경기,용인시 수지구,2026-06-13,37.316194,127.083977
0002250,장서윤,F,1979-05-10,경기,수원시 팔달구,2026-06-13,37.304464,126.999455
0002251,홍하은,M,1992-05-23,경기,화성시,2026-06-13,37.214289,126.819743
0002252,이지훈,F,1982-05-12,경기,수원시 영통구,2026-06-14,37.255715,127.066837
0002253,강하린,M,2004-05-15,경기,용인시 수지구,2026-06-14,37.318905,127.094778
0002254,서다은,F,1971-11-16,경기,수원시 장안구,2026-06-14,37.30335,127.004072
0002255,서수아,F,1987-10-14,경기,수원시 권선구,2026-06-14,37.270734,126.96676
0002256,김수아,F,1997-04-21,경기,수원시 팔달구,2026-06-14,37.269962,127.016708
0002257,홍지아,F,1969-09-04,경기,수원시 권선구,2026-06-14,37.250626,126.954845
0002258,조지아,F,1990-04-11,경기,용인시 수지구,2026-06-14,37.340139,127.091387
0002259,최지훈,F,1976-02-20,경기,화성시,2026-06-14,37.186321,126.841073
0002260,임주원,F,1973-09-21,경기,수원시 권선구,2026-06-14,37.272731,126.981193
0002261,서도윤,M,1997-09-26,경기,화성시,2026-06-14,37.188631,126.82962
0002262,최시우,M,2004-11-30,경기,용인시 수지구,2026-06-15,37.313132,127.103979
0002263,한현우,F,1997-06-16,경기,수원시 권선구,2026-06-15,37.258712,126.986529
0002264,최지호,F,1975-11-01,경기,용인시 기흥구,2026-06-15,37.304114,127.114811
0002265,오지호,F,2002-03-03,경기,화성시,2026-06-15,37.193099,126.837379
0002266,조민준,F,1983-11-26,경기,수원시 장안구,2026-06-15,37.296689,127.038031
0002267,신지아,F,1985-05-25,경기,수원시 권선구,2026-06-15,37.258517,126.949824
0002268,박주원,F,1977-04-18,경기,수원시 영통구,2026-06-15,37.259047,127.063516
0002269,장지아,F,1982-06-03,경기,수원시 영통구,2026-06-16,37.266891,127.067858
0002270,윤현우,M,1972-10-18,경기,수원시 장안구,2026-06-16,37.31228,127.000122
0002271,서서윤,F,1994-12-10,경기,수원시 팔달구,2026-06-16,37.271393,126.99517
0002272,한지아,M,2004-10-16,경기,용인시 기흥구,2026-06-16,37.306946,127.100449
0002273,홍하은,M,1990-03-22,경기,수원시 영통구,2026-06-16,37.245682,127.061663
0002274,오지훈,F,1983-09-29,경기,수원시 권선구,2026-06-16,37.284648,126.955873
0002275,박준서,M,2004-10-02,경기,화성시,2026-06-16,37.196294,126.845877
0002276,박하은,M,1987-11-05,경기,용인시 처인구,2026-06-16,37.253736,127.20154
0002277,정주원,M,1999-07-11,경기,용인시 수지구,2026-06-16,37.311117,127.119904
0002278,임수아,F,1966-07-16,경기,화성시,2026-06-16,37.227484,126.810355
0002279,한서연,F,2004-05-05,경기,수원시 팔달구,2026-06-16,37.280943,127.027422
0002280,윤채원,M,1966-08-31,경기,용인시 기흥구,2026-06-17,37.287672,127.106289
0002281,강지아,F,1996-08-18,경기,화성시,2026-06-17,37.184245,126.827708
0002282,강하린,M,1965-11-03,경기,용인시 기흥구,2026-06-17,37.271815,127.123241
0002283,안수아,F,1994-05-04,경기,용인시 기흥구,2026-06-17,37.270491,127.1187
0002284,서하은,F,1998-10-08,경기,수원시 영통구,2026-06-17,37.256104,127.040558
0002285,정수아,F,1969-09-20,경기,용인시 기흥구,2026-06-17,37.287696,127.122908
0002286,신시우,M,1965-04-03,경기,용인시 수지구,2026-06-17,37.340648,127.103325
0002287,임현우,M,1990-01-12,경기,수원시 장안구,2026-06-17,37.308585,127.008339
0002288,송건우,F,1980-12-29,경기,수원시 팔달구,2026-06-17,37.281889,127.0275
0002289,임서윤,M,1971-05-25,경기,용인시 기흥구,2026-06-17,37.277623,127.099294
0002290,조하은,M,2002-03-19,경기,용인시 기흥구,2026-06-17,37.274608,127.139778
0002291,최주원,M,1993-10-04,경기,수원시 권선구,2026-06-17,37.253702,126.963391
0002292,안현우,M,2002-04-17,경기,용인시 기흥구,2026-06-18,37.256899,127.109255
0002293,이현우,F,1971-07-14,경기,용인시 수지구,2026-06-18,37.330821,127.076846
0002294,홍서연,M,1997-01-01,경기,수원시 팔달구,2026-06-18,37.300975,126.990391
0002295,홍민준,M,1984-04-26,경기,화성시,2026-06-18,37.178055,126.816424
0002296,홍채원,F,2002-01-29,경기,수원시 영통구,2026-06-18,37.249455,127.024648
0002297,황주원,F,1977-08-27,경기,화성시,2026-06-18,37.201638,126.847015
0002298,황다은,M,1998-07-07,경기,수원시 영통구,2026-06-18,37.265776,127.061119
0002299,오현우,M,1973-06-12,경기,화성시,2026-06-18,37.182238,126.851967
0002300,한유나,M,1994-08-15,경기,수원시 영통구,2026-06-19,37.260158,127.065049
0002301,오시우,F,1989-04-13,경기,수원시 팔달구,2026-06-19,37.26074,127.019652
0002302,송지우,F,1977-01-14,경기,수원시 장안구,2026-06-19,37.297224,127.01219
0002303,홍준서,M,1980-01-07,경기,용인시 기흥구,2026-06-19,37.269102,127.086734
0002304,최현우,F,1990-08-21,경기,용인시 수지구,2026-06-19,37.307239,127.082344
0002305,황현우,M,1987-08-19,경기,화성시,2026-06-19,37.166363,126.841352
0002306,신현우,F,2002-09-26,경기,수원시 권선구,2026-06-19,37.236177,126.960765
0002307,홍하린,M,1979-12-31,경기,용인시 기흥구,2026-06-19,37.290988,127.082915
0002308,조민준,M,1984-02-21,경기,용인시 수지구,2026-06-19,37.339053,127.08105
0002309,김시우,F,1975-11-12,경기,화성시,2026-06-19,37.188577,126.816172
0002310,윤유나,M,1971-08-09,경기,용인시 수지구,2026-06-19,37.311319,127.119496
0002311,안다은,M,2002-03-02,경기,용인시 처인구,2026-06-19,37.242915,127.198229
0002312,송서윤,M,1976-09-22,경기,용인시 처인구,2026-06-19,37.258518,127.212457
0002313,임현우,M,1983-03-24,경기,수원시 권선구,2026-06-20,37.258807,126.982291
0002314,송주원,F,1973-04-29,경기,수원시 팔달구,2026-06-20,37.279283,127.014077
0002315,조다은,M,1967-12-10,경기,용인시 수지구,2026-06-20,37.329727,127.107557
0002316,류준서,F,1982-02-11,경기,수원시 장안구,2026-06-20,37.294087,127.018052
0002317,강도윤,M,1999-11-23,경기,용인시 수지구,2026-06-20,37.335053,127.109111
0002318,권서윤,M,1997-07-31,경기,수원시 팔달구,2026-06-20,37.276361,127.027161
0002319,류수아,M,1966-06-02,경기,용인시 처인구,2026-06-20,37.258942,127.206633
0002320,한민준,F,1990-06-23,경기,용인시 처인구,2026-06-20,37.21996,127.232831
0002321,류민준,M,1979-05-24,경기,용인시 처인구,2026-06-20,37.240433,127.208469
0002322,오채원,M,1973-08-18,경기,화성시,2026-06-20,37.185886,126.84879
0002323,조예준,F,1973-12-25,경기,수원시 권선구,2026-06-20,37.287922,126.981783
0002324,김지호,M,1976-07-06,경기,용인시 기흥구,2026-06-20,37.289713,127.122277
0002325,김지훈,F,1974-06-03,경기,수원시 영통구,2026-06-21,37.282996,127.051743
0002326,이민준,M,1993-09-19,경기,용인시 처인구,2026-06-21,37.246335,127.224146
0002327,윤지훈,M,1986-03-04,경기,수원시 권선구,2026-06-21,37.241304,126.9597
0002328,박지우,M,1985-12-15,경기,화성시,2026-06-21,37.155836,126.844761
0002329,한주원,F,1971-10-03,경기,수원시 장안구,2026-06-21,37.308199,126.998872
0002330,장지우,M,1986-02-08,경기,수원시 팔달구,2026-06-21,37.311314,127.006554
0002331,최도윤,F,1969-07-27,경기,용인시 기흥구,2026-06-21,37.258043,127.113095
0002332,류예준,F,1994-12-18,경기,화성시,2026-06-21,37.182412,126.819499
0002333,한지아,M,1965-10-18,경기,용인시 기흥구,2026-06-21,37.275501,127.105953
0002334,권지훈,F,1998-02-15,경기,수원시 팔달구,2026-06-22,37.306652,127.01935
0002335,송서윤,F,1992-02-14,경기,용인시 기흥구,2026-06-22,37.297374,127.092215
0002336,조수아,M,1975-03-27,경기,용인시 기흥구,2026-06-22,37.275255,127.139627
0002337,권도윤,M,2003-04-14,경기,화성시,2026-06-22,37.201088,126.820569
0002338,류주원,M,1992-03-28,경기,수원시 영통구,2026-06-22,37.281955,127.053639
0002339,오시우,F,1980-08-06,경기,화성시,2026-06-22,37.205362,126.84085
0002340,조건우,F,1968-05-16,경기,수원시 권선구,2026-06-22,37.27169,126.972308
0002341,조유나,F,1980-10-12,경기,용인시 기흥구,2026-06-22,37.267308,127.07949
0002342,정서연,F,2003-04-01,경기,수원시 장안구,2026-06-22,37.29682,126.988066
0002343,강민준,M,1966-01-15,경기,수원시 장안구,2026-06-22,37.306151,127.011234
0002344,오수아,M,1982-10-10,경기,용인시 기흥구,2026-06-22,37.268348,127.132369
0002345,한주원,F,1967-02-01,경기,용인시 기흥구,2026-06-23,37.275636,127.110159
0002346,최다은,F,1983-10-09,경기,수원시 권선구,2026-06-23,37.247391,126.966316
0002347,김민준,M,2003-06-23,경기,용인시 기흥구,2026-06-23,37.282737,127.101537
0002348,안하린,F,1974-02-06,경기,화성시,2026-06-23,37.202777,126.851912
0002349,신민준,M,1997-01-12,경기,수원시 권선구,2026-06-23,37.275402,126.955031
0002350,한도윤,M,1978-05-15,경기,수원시 장안구,2026-06-23,37.289033,127.0056
0002351,류유나,F,1979-12-31,경기,수원시 팔달구,2026-06-23,37.293377,127.029002
0002352,신서연,F,1977-04-22,경기,수원시 팔달구,2026-06-23,37.258059,127.026763
0002353,권민준,F,1992-02-05,경기,용인시 처인구,2026-06-23,37.250325,127.189039
0002354,임서윤,M,1990-08-27,경기,용인시 처인구,2026-06-23,37.24095,127.207886
0002355,임도윤,M,1990-11-18,경기,수원시 영통구,2026-06-23,37.265628,127.006183
0002356,조하은,M,1978-05-23,경기,수원시 영통구,2026-06-23,37.260246,127.037771
0002357,강유나,F,2003-02-14,경기,용인시 수지구,2026-06-24,37.315363,127.110117
0002358,권도윤,F,1988-05-25,경기,수원시 장안구,2026-06-24,37.314496,127.020245
0002359,서건우,F,1982-07-23,경기,수원시 장안구,2026-06-24,37.300634,127.002817
0002360,윤하린,F,1983-12-13,경기,화성시,2026-06-24,37.21417,126.826301
0002361,윤도윤,F,1980-09-14,경기,용인시 수지구,2026-06-24,37.316092,127.092425
0002362,장민준,F,2004-03-04,경기,수원시 팔달구,2026-06-24,37.288412,127.015287
0002363,류지호,F,1994-08-17,경기,수원시 영통구,2026-06-24,37.257788,127.032302
0002364,임채원,M,1967-10-24,경기,용인시 처인구,2026-06-24,37.250252,127.21156
0002365,류예준,F,1977-08-20,경기,수원시 장안구,2026-06-24,37.297015,127.012584
0002366,최지아,F,1994-08-13,경기,수원시 팔달구,2026-06-24,37.255982,127.015447
0002367,한지훈,F,1993-09-17,경기,수원시 팔달구,2026-06-24,37.267166,127.01949
0002368,권현우,F,1982-02-16,경기,화성시,2026-06-24,37.18308,126.831943
0002369,송지호,M,1968-02-24,경기,용인시 처인구,2026-06-24,37.261183,127.200685
0002370,안도윤,M,1999-02-05,경기,수원시 권선구,2026-06-24,37.273417,126.961397
0002371,오하린,F,1996-06-10,경기,용인시 수지구,2026-06-24,37.3391,127.097004
0002372,임준서,F,1987-09-07,경기,화성시,2026-06-25,37.214311,126.819294
0002373,홍하린,F,1991-07-19,경기,수원시 팔달구,2026-06-25,37.282031,127.026439
0002374,조도윤,M,2001-03-11,경기,용인시 수지구,2026-06-25,37.330272,127.122652
0002375,장수아,F,1997-08-07,경기,용인시 기흥구,2026-06-25,37.298384,127.1126
0002376,홍하은,M,1973-12-13,경기,수원시 영통구,2026-06-26,37.247965,127.057547
0002377,임지아,M,1970-05-09,경기,용인시 기흥구,2026-06-26,37.255279,127.113017
0002378,장지우,F,1965-10-27,경기,수원시 팔달구,2026-06-26,37.272484,126.999417
0002379,한현우,F,1978-05-10,경기,수원시 영통구,2026-06-26,37.241165,127.05792
0002380,임준서,M,1972-03-18,경기,수원시 영통구,2026-06-26,37.238823,127.034007
0002381,신주원,F,1990-02-28,경기,화성시,2026-06-26,37.210019,126.818747
0002382,김준서,F,1979-10-08,경기,용인시 기흥구,2026-06-26,37.268101,127.162947
0002383,홍유나,M,1989-10-28,경기,화성시,2026-06-26,37.214886,126.820497
0002384,장채원,F,1978-06-04,경기,수원시 팔달구,2026-06-26,37.255915,127.019356
0002385,강예준,F,1972-09-18,경기,수원시 권선구,2026-06-26,37.238162,126.975315
0002386,박지호,M,2003-12-03,경기,용인시 기흥구,2026-06-26,37.30264,127.107229
0002387,오민준,M,1978-05-17,경기,용인시 수지구,2026-06-26,37.3116,127.080506
0002388,강수아,M,2004-07-26,경기,수원시 영통구,2026-06-26,37.266797,127.035548
0002389,안시우,F,1971-09-20,경기,수원시 장안구,2026-06-26,37.292513,127.03388
0002390,강지호,M,1972-11-25,경기,용인시 기흥구,2026-06-26,37.278708,127.119566
0002391,신다은,F,1977-03-27,경기,용인시 기흥구,2026-06-26,37.281875,127.12514
0002392,서지아,M,1987-05-25,경기,화성시,2026-06-26,37.189924,126.840983
0002393,이하은,M,1970-08-03,경기,수원시 팔달구,2026-06-27,37.273731,127.014678
0002394,임준서,M,1967-06-30,경기,수원시 권선구,2026-06-27,37.256899,126.97234
0002395,조유나,F,1996-06-13,경기,화성시,2026-06-27,37.190612,126.824114
0002396,권유나,F,1965-09-19,경기,수원시 권선구,2026-06-27,37.26116,126.947167
0002397,황예준,M,1987-10-12,경기,용인시 처인구,2026-06-27,37.22906,127.200856
0002398,윤민준,M,1981-02-22,경기,수원시 팔달구,2026-06-27,37.26947,127.018927
0002399,류서윤,F,1995-05-03,경기,용인시 수지구,2026-06-27,37.315566,127.110212
0002400,안지아,M,1976-03-30,경기,화성시,2026-06-27,37.201481,126.823154
0002401,윤건우,F,1965-06-06,경기,용인시 처인구,2026-06-27,37.255509,127.191835
0002402,임하은,M,1980-09-13,경기,용인시 처인구,2026-06-27,37.22671,127.20085
0002403,서수아,F,1977-05-19,경기,수원시 영통구,2026-06-27,37.262801,127.049814
0002404,서서윤,F,1976-12-13,경기,용인시 기흥구,2026-06-28,37.280775,127.132093
0002405,홍지훈,F,1982-08-08,경기,수원시 팔달구,2026-06-28,37.285971,127.022718
0002406,조지우,M,1978-12-16,경기,화성시,2026-06-28,37.198176,126.823118
0002407,한민준,F,1997-01-06,경기,용인시 수지구,2026-06-28,37.307944,127.102202
0002408,최민준,M,1986-07-18,경기,용인시 기흥구,2026-06-28,37.261849,127.124913
0002409,안채원,M,1975-07-26,경기,수원시 장안구,2026-06-28,37.312189,127.020366
0002410,안도윤,M,1967-09-21,경기,수원시 팔달구,2026-06-28,37.279868,126.990281
0002411,강서윤,M,1985-02-01,경기,수원시 영통구,2026-06-28,37.283835,127.039112
0002412,송서윤,F,1996-02-27,경기,용인시 수지구,2026-06-28,37.29771,127.119658
0002413,안서윤,F,1986-01-01,경기,수원시 장안구,2026-06-28,37.289134,127.00772
0002414,황건우,F,1975-12-28,경기,용인시 기흥구,2026-06-28,37.267486,127.117461
0002415,류준서,M,1973-12-11,경기,수원시 권선구,2026-06-28,37.247675,126.984328
0002416,황서연,F,1974-06-08,경기,용인시 기흥구,2026-06-29,37.265006,127.133141
0002417,조도윤,M,1997-01-12,경기,용인시 기흥구,2026-06-29,37.304828,127.133727
0002418,한하린,F,1974-07-14,경기,용인시 수지구,2026-06-29,37.307122,127.093129
0002419,안건우,M,2004-04-15,경기,용인시 기흥구,2026-06-29,37.267173,127.122532
0002420,윤지훈,M,1973-10-03,경기,화성시,2026-06-29,37.201389,126.814634
0002421,임서연,F,1991-09-10,경기,수원시 권선구,2026-06-29,37.262204,126.986181
0002422,장하은,M,1988-10-06,경기,수원시 영통구,2026-06-29,37.264278,127.06715
0002423,임지우,F,1983-11-12,경기,용인시 수지구,2026-06-29,37.323706,127.109079
0002424,장하린,F,1987-07-09,경기,화성시,2026-06-29,37.196789,126.834843
0002425,오수아,F,1980-05-09,경기,수원시 권선구,2026-06-29,37.262348,126.978275
0002426,김도윤,F,1974-11-23,경기,화성시,2026-06-29,37.188515,126.862814
0002427,신시우,M,2001-08-19,경기,수원시 영통구,2026-06-29,37.240282,127.03812
0002428,이다은,F,1982-07-25,경기,용인시 수지구,2026-06-29,37.303346,127.09209
0002429,송시우,F,1983-12-30,경기,화성시,2026-06-30,37.19847,126.840494
0002430,강서연,M,1980-08-28,경기,수원시 팔달구,2026-06-30,37.281145,127.003674
0002431,박하린,F,2003-08-25,경기,수원시 영통구,2026-06-30,37.269819,127.050889
0002432,윤하린,F,1986-02-04,경기,용인시 기흥구,2026-06-30,37.26226,127.127757
0002433,박현우,M,1994-08-01,경기,수원시 장안구,2026-06-30,37.293847,126.968153
0002434,홍서연,M,1985-11-12,경기,용인시 기흥구,2026-06-30,37.290628,127.092367
0002435,황도윤,F,1991-04-20,경기,용인시 수지구,2026-06-30,37.319496,127.105896
0002436,한주원,M,1998-09-04,경기,수원시 권선구,2026-06-30,37.266233,126.959658
0002437,황지호,F,1995-12-25,경기,수원시 장안구,2026-07-01,37.311543,127.015513
0002438,오수아,F,1994-01-10,경기,수원시 장안구,2026-07-01,37.300198,127.007614
0002439,임예준,F,1973-05-26,경기,수원시 권선구,2026-07-01,37.274411,126.978618
0002440,신서윤,M,1984-05-19,경기,수원시 장안구,2026-07-01,37.313082,126.983125
0002441,강현우,M,1987-02-17,경기,용인시 처인구,2026-07-01,37.242642,127.195734
0002442,장수아,F,1967-04-11,경기,화성시,2026-07-01,37.179086,126.802183
0002443,임건우,M,1991-03-31,경기,수원시 영통구,2026-07-01,37.260244,127.064288
0002444,이지호,M,1985-02-02,경기,수원시 영통구,2026-07-01,37.252456,127.023898
0002445,임하린,M,1978-10-17,경기,수원시 권선구,2026-07-01,37.256818,126.966512
0002446,장하린,F,1998-11-14,경기,수원시 영통구,2026-07-01,37.241365,127.049616
0002447,서지훈,M,1974-01-22,경기,수원시 권선구,2026-07-01,37.268804,126.991394
0002448,서하린,M,1982-12-12,경기,화성시,2026-07-01,37.193904,126.837208
0002449,서지호,F,2001-07-04,경기,수원시 장안구,2026-07-02,37.292973,127.018718
0002450,김수아,M,1987-10-14,경기,용인시 수지구,2026-07-02,37.326069,127.107707
0002451,안지우,M,2002-07-19,경기,수원시 영통구,2026-07-02,37.258695,127.06753
0002452,송주원,M,1997-10-10,경기,수원시 장안구,2026-07-02,37.294395,127.007081
0002453,정지아,F,2000-03-10,경기,수원시 권선구,2026-07-02,37.253285,126.986055
0002454,신다은,F,1969-07-23,경기,수원시 영통구,2026-07-02,37.235913,127.075334
0002455,오하은,F,1972-01-28,경기,수원시 팔달구,2026-07-02,37.294542,127.011403
0002456,정건우,M,1990-06-14,경기,용인시 기흥구,2026-07-02,37.279685,127.103067
0002457,정준서,F,1981-03-27,경기,용인시 기흥구,2026-07-02,37.298415,127.107694
0002458,홍서연,M,1976-09-03,경기,수원시 팔달구,2026-07-02,37.279328,127.016906
0002459,김채원,F,1970-03-25,경기,수원시 권선구,2026-07-02,37.272576,126.995709
0002460,신하린,F,2001-02-08,경기,수원시 팔달구,2026-07-02,37.272724,127.002021
0002461,홍하린,M,1967-11-09,경기,용인시 기흥구,2026-07-02,37.301338,127.13546
0002462,황다은,M,1989-05-21,경기,화성시,2026-07-02,37.191394,126.822281
0002463,송시우,M,1989-06-17,경기,수원시 장안구,2026-07-03,37.291814,127.029666
0002464,홍유나,M,1997-06-12,경기,용인시 기흥구,2026-07-03,37.293079,127.132917
0002465,황서연,M,1983-07-17,경기,수원시 장안구,2026-07-03,37.284194,127.003566
0002466,김준서,F,1976-05-31,경기,용인시 기흥구,2026-07-03,37.26981,127.111919
0002467,한유나,M,1979-02-23,경기,용인시 수지구,2026-07-03,37.326663,127.09838
0002468,신수아,F,1978-03-02,경기,수원시 권선구,2026-07-03,37.264894,126.977389
0002469,강하린,F,1975-02-24,경기,화성시,2026-07-03,37.179675,126.823289
0002470,이건우,F,1970-04-10,경기,화성시,2026-07-03,37.154006,126.848306
0002471,김유나,M,1978-03-01,경기,화성시,2026-07-03,37.233328,126.836726
0002472,김서윤,F,1979-08-09,경기,수원시 팔달구,2026-07-03,37.269625,127.034884
0002473,조하은,M,1965-05-13,경기,수원시 권선구,2026-07-03,37.263787,126.979266
0002474,오수아,M,1993-11-20,경기,수원시 권선구,2026-07-04,37.268198,126.970848
0002475,이지아,M,1970-09-19,경기,수원시 영통구,2026-07-04,37.257351,127.052227
0002476,서지훈,F,1993-09-25,경기,용인시 수지구,2026-07-04,37.306273,127.095342
0002477,신지훈,M,1982-04-05,경기,수원시 권선구,2026-07-04,37.290472,126.9641
0002478,이민준,F,1991-01-04,경기,수원시 영통구,2026-07-04,37.26176,127.041308
0002479,안서연,M,1984-02-01,경기,수원시 팔달구,2026-07-04,37.286402,127.035585
0002480,정민준,M,1987-07-16,경기,수원시 권선구,2026-07-04,37.283193,126.986128
0002481,강하린,M,1970-03-30,경기,수원시 장안구,2026-07-04,37.294127,127.016369
0002482,장채원,F,1969-10-14,경기,수원시 권선구,2026-07-04,37.254479,126.992283
0002483,오도윤,M,1978-02-19,경기,수원시 장안구,2026-07-05,37.299227,126.980301
0002484,정다은,M,2001-07-05,경기,용인시 수지구,2026-07-05,37.320748,127.092242
0002485,서지우,F,1967-06-06,경기,수원시 권선구,2026-07-05,37.257156,126.971555
0002486,오지우,F,1990-02-03,경기,용인시 수지구,2026-07-05,37.319776,127.103332
0002487,임유나,F,2002-02-19,경기,용인시 기흥구,2026-07-05,37.257827,127.128967
0002488,김지아,M,1970-11-18,경기,수원시 영통구,2026-07-05,37.279695,127.043921
0002489,송건우,M,1982-03-23,경기,용인시 기흥구,2026-07-05,37.266414,127.097244
0002490,최서윤,F,1966-12-28,경기,화성시,2026-07-05,37.196792,126.810486
0002491,김지아,M,1968-12-03,경기,화성시,2026-07-05,37.195227,126.833976
0002492,김서윤,M,1967-10-14,경기,화성시,2026-07-06,37.209056,126.825431
0002493,장지훈,F,1977-10-25,경기,수원시 영통구,2026-07-06,37.282776,127.045932
0002494,황지우,F,1991-05-25,경기,용인시 기흥구,2026-07-06,37.28074,127.093807
0002495,안시우,F,1988-11-30,경기,용인시 기흥구,2026-07-06,37.278937,127.122748
0002496,임지훈,M,1975-04-05,경기,수원시 권선구,2026-07-06,37.251618,126.983109
0002497,임서윤,F,1994-10-01,경기,수원시 권선구,2026-07-06,37.252,127.000469
0002498,송하은,F,1995-03-13,경기,화성시,2026-07-06,37.204797,126.836672
0002499,신채원,M,1986-03-20,경기,화성시,2026-07-06,37.20411,126.818044
0002500,신예준,M,1987-10-06,경기,용인시 처인구,2026-07-06,37.209348,127.176854
0002501,송다은,F,1985-11-28,경기,수원시 영통구,2026-07-06,37.258557,127.050244
0002502,김지훈,F,1989-11-27,경기,수원시 영통구,2026-07-06,37.26898,127.044747
0002503,장민준,F,1987-12-14,경기,용인시 기흥구,2026-07-06,37.265836,127.135617
0002504,조다은,F,2002-10-05,경기,수원시 권선구,2026-07-07,37.269467,126.980394
0002505,류지호,F,1969-01-05,경기,화성시,2026-07-07,37.192398,126.84141
0002506,정지호,M,1989-10-18,경기,화성시,2026-07-07,37.212822,126.8372
0002507,박서윤,F,1992-11-14,경기,수원시 장안구,2026-07-07,37.302286,127.029786
0002508,오유나,F,1988-04-19,경기,수원시 권선구,2026-07-07,37.265884,126.976139
0002509,류다은,F,1965-05-02,경기,용인시 수지구,2026-07-07,37.329705,127.08942
0002510,황하은,F,2000-07-19,경기,수원시 팔달구,2026-07-07,37.258083,127.014525
0002511,오하은,F,1975-03-04,경기,화성시,2026-07-07,37.190828,126.862815
0002512,박수아,F,1986-07-03,경기,용인시 처인구,2026-07-07,37.233944,127.184752
0002513,김민준,F,1981-09-16,경기,용인시 수지구,2026-07-07,37.317914,127.092931
0002514,장지우,F,2001-09-15,경기,용인시 기흥구,2026-07-07,37.266412,127.086544
0002515,박수아,F,1967-02-28,경기,용인시 기흥구,2026-07-07,37.277889,127.09935
0002516,류다은,M,1966-08-30,경기,용인시 처인구,2026-07-07,37.251926,127.204345
0002517,류시우,F,1984-10-23,경기,수원시 팔달구,2026-07-07,37.291094,127.042166
0002518,한도윤,M,1967-02-24,경기,수원시 권선구,2026-07-07,37.254453,126.990116
0002519,박민준,M,1987-04-09,경기,수원시 팔달구,2026-07-08,37.263925,127.014479
0002520,이현우,M,1972-01-10,경기,수원시 팔달구,2026-07-08,37.299585,127.034929
0002521,임건우,M,2004-07-21,경기,수원시 장안구,2026-07-08,37.306958,127.010784
0002522,강현우,F,1979-04-09,경기,화성시,2026-07-08,37.195818,126.826661
0002523,강서윤,M,1992-12-06,경기,수원시 팔달구,2026-07-09,37.289736,127.019027
0002524,조준서,M,1999-09-21,경기,수원시 권선구,2026-07-09,37.272077,126.965464
0002525,신수아,F,1978-04-03,경기,용인시 기흥구,2026-07-09,37.278521,127.136062
0002526,홍하은,M,1977-03-28,경기,수원시 장안구,2026-07-09,37.307378,127.024498
0002527,박도윤,M,1988-08-13,경기,수원시 장안구,2026-07-09,37.307547,127.038382
0002528,윤지훈,F,1998-07-08,경기,수원시 팔달구,2026-07-09,37.250866,127.026681
0002529,조하은,F,1975-06-16,경기,수원시 영통구,2026-07-09,37.257535,127.018726
0002530,안수아,M,1965-04-05,경기,수원시 장안구,2026-07-09,37.292572,126.996779
0002531,황서연,M,1999-11-02,경기,수원시 장안구,2026-07-09,37.336958,127.006914
0002532,조준서,M,1988-06-17,경기,수원시 장안구,2026-07-09,37.332005,126.988095
0002533,한다은,M,1999-05-30,경기,수원시 영통구,2026-07-09,37.280076,127.032243
0002534,권시우,M,1977-06-13,경기,용인시 수지구,2026-07-10,37.349244,127.087701
0002535,오다은,F,1998-07-31,경기,수원시 권선구,2026-07-10,37.275144,126.979829
0002536,안시우,M,1967-05-29,경기,수원시 권선구,2026-07-10,37.24222,126.976197
0002537,박채원,F,1971-07-05,경기,용인시 기흥구,2026-07-10,37.278029,127.11469
0002538,서예준,M,1994-04-25,경기,수원시 장안구,2026-07-10,37.311936,127.00084
0002539,권하린,F,1971-03-11,경기,화성시,2026-07-10,37.202331,126.853554
0002540,김도윤,M,2004-12-06,경기,용인시 기흥구,2026-07-10,37.284119,127.137447
0002541,황지우,F,1973-08-24,경기,용인시 기흥구,2026-07-10,37.304975,127.117743
0002542,최지훈,F,1982-11-15,경기,수원시 장안구,2026-07-10,37.305774,126.984556
0002543,서다은,F,1985-06-06,경기,용인시 처인구,2026-07-10,37.238068,127.179202
0002544,홍민준,F,1988-09-01,경기,용인시 기흥구,2026-07-10,37.313738,127.111194
0002545,강건우,M,1973-05-09,경기,용인시 기흥구,2026-07-11,37.246287,127.126444
0002546,정하은,M,2004-03-26,경기,화성시,2026-07-11,37.207291,126.836062
0002547,강유나,F,1967-04-14,경기,용인시 수지구,2026-07-11,37.321912,127.09451
0002548,송주원,M,1968-08-20,경기,용인시 기흥구,2026-07-11,37.28595,127.108394
0002549,최지호,M,2003-08-30,경기,수원시 영통구,2026-07-11,37.27204,127.021069
0002550,안건우,F,1999-01-15,경기,수원시 팔달구,2026-07-11,37.280726,127.047347
0002551,이수아,F,1995-05-14,경기,수원시 장안구,2026-07-11,37.294114,126.984287
0002552,류하은,M,1979-05-30,경기,용인시 기흥구,2026-07-12,37.285167,127.111387
0002553,황지우,M,2001-11-14,경기,용인시 처인구,2026-07-12,37.206486,127.19766
0002554,신지우,M,1988-04-08,경기,수원시 권선구,2026-07-12,37.25266,126.973241
0002555,류지훈,M,1994-10-28,경기,용인시 기흥구,2026-07-12,37.270886,127.111603
0002556,김지호,M,1983-08-09,경기,용인시 기흥구,2026-07-12,37.303038,127.123433
0002557,윤지훈,F,1989-09-26,경기,용인시 처인구,2026-07-12,37.187927,127.222801
0002558,류도윤,F,1979-05-28,경기,수원시 장안구,2026-07-12,37.307303,127.008779
0002559,강주원,M,1979-06-20,경기,수원시 영통구,2026-07-12,37.263617,127.043847
0002560,한서연,M,1977-02-24,경기,용인시 수지구,2026-07-12,37.339221,127.091829
0002561,송도윤,M,1982-11-25,경기,용인시 수지구,2026-07-12,37.331198,127.110106
0002562,황주원,F,1969-10-31,경기,수원시 팔달구,2026-07-12,37.317424,127.023356
0002563,조하린,F,2000-08-03,경기,수원시 권선구,2026-07-12,37.241986,126.973246
0002564,윤주원,M,1966-03-19,경기,용인시 수지구,2026-07-12,37.31821,127.092716
0002565,정다은,F,1987-11-09,경기,용인시 기흥구,2026-07-12,37.277346,127.104985
0002566,황시우,M,1972-07-25,경기,용인시 기흥구,2026-07-12,37.291065,127.115806
0002567,이도윤,F,1980-09-22,경기,화성시,2026-07-12,37.205584,126.857082
0002568,신지우,M,1989-07-19,경기,용인시 수지구,2026-07-12,37.326625,127.111103
0002569,김다은,M,1991-10-18,경기,용인시 처인구,2026-07-13,37.251673,127.192811
0002570,홍준서,F,1971-07-12,경기,화성시,2026-07-13,37.167292,126.847221
0002571,한다은,F,1988-07-30,경기,수원시 권선구,2026-07-13,37.262199,126.969721
0002572,한지아,M,1982-08-31,경기,수원시 권선구,2026-07-13,37.265853,126.982168
0002573,김수아,F,1971-08-10,경기,용인시 기흥구,2026-07-13,37.268818,127.103353
0002574,송유나,F,1972-11-27,경기,수원시 영통구,2026-07-13,37.239861,127.047758
0002575,윤주원,F,2001-06-28,경기,수원시 팔달구,2026-07-13,37.281448,127.000637
0002576,신하린,F,1984-10-22,경기,용인시 처인구,2026-07-13,37.242487,127.198394
0002577,안하은,M,1986-02-07,경기,수원시 영통구,2026-07-13,37.276775,127.052813
0002578,장다은,F,1968-04-14,경기,수원시 권선구,2026-07-13,37.271878,126.970215
0002579,한하린,M,1994-10-04,경기,수원시 권선구,2026-07-14,37.254974,126.95814
0002580,이서연,M,1978-07-02,경기,수원시 영통구,2026-07-14,37.274315,127.028247
0002581,강하은,M,1992-05-13,경기,용인시 처인구,2026-07-14,37.242185,127.19394
0002582,홍민준,F,2001-12-07,경기,용인시 기흥구,2026-07-14,37.258347,127.115133
0002583,강다은,M,1995-10-05,경기,수원시 권선구,2026-07-14,37.280551,126.985463
0002584,윤건우,M,1969-09-02,경기,화성시,2026-07-14,37.199165,126.848864
0002585,황지우,M,1966-06-24,경기,수원시 영통구,2026-07-14,37.236409,127.050675
0002586,한지훈,M,1989-07-31,경기,용인시 처인구,2026-07-14,37.256613,127.197566
0002587,최예준,M,1995-05-16,경기,수원시 장안구,2026-07-14,37.312482,127.017344
0002588,최건우,M,1994-09-03,경기,용인시 수지구,2026-07-14,37.327678,127.093542
0002589,최서윤,F,1994-03-03,경기,용인시 기흥구,2026-07-14,37.275315,127.120308
0002590,한건우,M,1991-02-14,경기,화성시,2026-07-14,37.202607,126.818529
0002591,윤서연,M,1973-04-11,경기,화성시,2026-07-15,37.203048,126.829534
0002592,이민준,F,1968-10-31,경기,수원시 팔달구,2026-07-15,37.275042,127.021236
0002593,박준서,M,1970-03-30,경기,수원시 장안구,2026-07-15,37.298476,127.020541
0002594,강지호,M,1981-11-19,경기,용인시 수지구,2026-07-15,37.335848,127.090828
0002595,권하은,M,1983-03-20,경기,수원시 팔달구,2026-07-15,37.290125,127.0341
0002596,신지아,M,1990-02-22,경기,수원시 권선구,2026-07-15,37.24678,126.970999
0002597,신주원,M,1966-11-16,경기,화성시,2026-07-15,37.245181,126.825816
0002598,정현우,M,1994-06-28,경기,수원시 영통구,2026-07-15,37.301342,127.040845
0002599,홍지우,F,1996-06-28,경기,수원시 권선구,2026-07-15,37.273308,126.979263
0002600,김건우,F,2001-07-21,경기,용인시 수지구,2026-07-15,37.328947,127.123346
0002601,한지우,F,1972-06-01,경기,용인시 수지구,2026-07-15,37.314176,127.08833
0002602,정지우,M,1992-10-09,경기,화성시,2026-07-16,37.212407,126.816658
0002603,류도윤,M,1997-01-03,경기,용인시 처인구,2026-07-16,37.232714,127.189844
0002604,장지아,F,1997-10-31,경기,수원시 팔달구,2026-07-16,37.268857,126.996413
0002605,장채원,F,1989-04-23,경기,수원시 권선구,2026-07-16,37.25841,126.977367
0002606,임지아,F,1967-03-26,경기,화성시,2026-07-16,37.217076,126.820278
0002607,임채원,M,1972-10-16,경기,수원시 팔달구,2026-07-16,37.293462,127.035257
0002608,박주원,F,1992-07-08,경기,용인시 처인구,2026-07-16,37.22777,127.188196
0002609,임유나,M,1983-06-14,경기,수원시 권선구,2026-07-17,37.253525,126.95969
0002610,강지호,M,1995-10-02,경기,수원시 권선구,2026-07-17,37.248204,126.985147
0002611,황지우,M,1998-02-28,경기,수원시 영통구,2026-07-17,37.291063,127.031942
0002612,신서연,M,1975-02-03,경기,용인시 수지구,2026-07-17,37.341707,127.089076
0002613,권주원,M,2000-09-19,경기,용인시 기흥구,2026-07-17,37.28574,127.092101
0002614,신서윤,M,1974-02-04,경기,화성시,2026-07-17,37.20665,126.825926
0002615,황지훈,M,1980-07-31,경기,수원시 권선구,2026-07-17,37.25929,126.964947
0002616,류유나,F,1978-01-11,경기,수원시 영통구,2026-07-17,37.247376,127.037197
0002617,송지우,M,1999-09-22,경기,수원시 영통구,2026-07-17,37.266029,127.062203
0002618,홍채원,M,1975-06-03,경기,용인시 기흥구,2026-07-17,37.271463,127.099325
0002619,윤건우,F,1988-06-07,경기,용인시 수지구,2026-07-17,37.323438,127.102896
0002620,임현우,F,1982-03-28,경기,수원시 권선구,2026-07-17,37.276658,126.967659
0002621,최서연,M,1996-06-23,경기,수원시 장안구,2026-07-17,37.301553,127.027145
0002622,한수아,M,1990-03-08,경기,용인시 처인구,2026-07-17,37.208031,127.221703
0002623,송지우,M,1970-05-15,경기,용인시 처인구,2026-07-17,37.260974,127.224235
0002624,박서윤,F,1983-04-08,경기,수원시 장안구,2026-07-18,37.316964,127.002154
0002625,서서윤,M,2001-12-05,경기,수원시 장안구,2026-07-18,37.316828,127.007868
0002626,임다은,M,1977-05-31,경기,수원시 영통구,2026-07-18,37.287708,127.055545
0002627,장채원,F,1992-11-12,경기,수원시 영통구,2026-07-18,37.274707,127.06117
0002628,류지우,M,1970-12-15,경기,용인시 수지구,2026-07-18,37.343076,127.123869
0002629,장서윤,M,1969-06-07,경기,용인시 처인구,2026-07-18,37.240227,127.193128
0002630,임하은,F,1995-09-05,경기,수원시 권선구,2026-07-18,37.259115,126.97532
0002631,서서연,M,1980-09-07,경기,용인시 처인구,2026-07-18,37.224983,127.202799
0002632,송건우,M,1972-03-18,경기,수원시 권선구,2026-07-18,37.276197,126.974928
0002633,안지훈,M,2003-10-21,경기,용인시 수지구,2026-07-18,37.330335,127.083684
0002634,임지아,F,1969-12-23,경기,수원시 팔달구,2026-07-18,37.28535,127.015518
0002635,조민준,M,1973-09-23,경기,용인시 기흥구,2026-07-18,37.292966,127.135422
0002636,한채원,M,1984-04-09,경기,용인시 기흥구,2026-07-19,37.277996,127.117452
0002637,송하은,F,2001-11-02,경기,용인시 처인구,2026-07-19,37.246428,127.203307
0002638,최지훈,M,2001-07-14,경기,화성시,2026-07-19,37.181027,126.829305
0002639,정주원,F,1981-10-14,경기,용인시 수지구,2026-07-19,37.303603,127.074877
0002640,최지우,M,1997-03-30,경기,수원시 영통구,2026-07-19,37.252247,127.045258
0002641,신채원,M,1990-06-28,경기,용인시 수지구,2026-07-19,37.348004,127.111809
0002642,황예준,F,1987-09-25,경기,수원시 장안구,2026-07-19,37.302605,127.023299
0002643,권지훈,F,1990-06-06,경기,수원시 팔달구,2026-07-19,37.293796,126.993747
0002644,임채원,F,1970-03-02,경기,용인시 처인구,2026-07-19,37.229654,127.188887
0002645,안지아,M,1996-09-30,경기,수원시 영통구,2026-07-19,37.266147,127.049103
0002646,홍예준,F,1989-12-28,경기,수원시 권선구,2026-07-19,37.251383,126.975511
0002647,한시우,M,1978-05-05,경기,수원시 팔달구,2026-07-20,37.25154,127.022864
0002648,한지호,F,1984-10-17,경기,용인시 수지구,2026-07-20,37.324689,127.107287
0002649,권준서,M,1973-11-28,경기,수원시 장안구,2026-07-20,37.278773,127.014409
0002650,김지우,F,1995-08-17,경기,용인시 처인구,2026-07-20,37.247171,127.222284
0002651,강건우,F,1989-11-16,경기,수원시 권선구,2026-07-20,37.225286,126.947114
0002652,정채원,F,1989-02-06,경기,용인시 기흥구,2026-07-20,37.283665,127.10164
0002653,오하린,M,1977-06-25,경기,수원시 권선구,2026-07-20,37.259356,126.937755
0002654,조민준,M,1979-12-26,경기,용인시 처인구,2026-07-20,37.25481,127.21854
0002655,조지호,F,1984-02-21,경기,수원시 권선구,2026-07-20,37.23536,126.988754
0002656,박예준,F,1993-10-28,경기,용인시 처인구,2026-07-20,37.206618,127.214972
0002657,김지훈,F,1978-04-04,경기,용인시 기흥구,2026-07-20,37.256139,127.105522
0002658,황유나,M,1998-02-17,경기,수원시 영통구,2026-07-20,37.243579,127.053413
0002659,황다은,F,1984-03-06,경기,수원시 팔달구,2026-07-21,37.267726,127.053675
0002660,최민준,F,1997-04-25,경기,용인시 기흥구,2026-07-21,37.296467,127.098646
0002661,윤하린,M,1974-05-02,경기,수원시 영통구,2026-07-21,37.234871,127.037262
0002662,홍지훈,F,1968-10-06,경기,용인시 수지구,2026-07-21,37.299194,127.114441
0002663,신서윤,F,1999-10-02,경기,용인시 처인구,2026-07-21,37.265039,127.184407
0002664,서지훈,M,1977-08-21,경기,수원시 팔달구,2026-07-21,37.264006,127.03202
0002665,최서윤,F,1986-09-05,경기,수원시 영통구,2026-07-21,37.265659,127.063764
0002666,한건우,F,1971-05-23,경기,용인시 수지구,2026-07-21,37.329977,127.10314
0002667,오다은,F,1970-06-27,경기,용인시 수지구,2026-07-22,37.341006,127.119775
0002668,신예준,M,2002-05-05,경기,수원시 권선구,2026-07-22,37.232102,126.982457
0002669,황민준,M,1974-09-20,경기,용인시 기흥구,2026-07-22,37.264678,127.118257
0002670,송서연,F,1984-04-28,경기,화성시,2026-07-22,37.1976,126.841137
0002671,조시우,F,1993-11-13,경기,수원시 팔달구,2026-07-22,37.27351,127.034007
0002672,이준서,M,1987-05-17,경기,용인시 기흥구,2026-07-22,37.287006,127.097302
0002673,안현우,M,2001-11-02,경기,수원시 장안구,2026-07-22,37.281126,127.017428
0002674,정민준,M,1988-04-13,경기,수원시 권선구,2026-07-22,37.239446,126.96276
0002675,조서연,F,1999-04-26,경기,용인시 수지구,2026-07-23,37.325667,127.107093
0002676,박유나,M,1975-08-28,경기,수원시 권선구,2026-07-23,37.263949,126.936034
0002677,안수아,F,1998-06-07,경기,화성시,2026-07-23,37.221631,126.819815
0002678,한시우,F,1972-02-04,경기,용인시 처인구,2026-07-23,37.269375,127.197697
0002679,홍준서,M,2000-02-16,경기,수원시 장안구,2026-07-23,37.318852,127.026289
0002680,윤지호,M,1985-02-08,경기,수원시 영통구,2026-07-23,37.282905,127.03897
0002681,홍채원,M,1994-09-14,경기,용인시 수지구,2026-07-23,37.320039,127.098678
0002682,김지호,M,1986-04-17,경기,용인시 기흥구,2026-07-23,37.296743,127.120483
0002683,황지우,M,1966-03-19,경기,수원시 영통구,2026-07-23,37.260909,127.048524
0002684,강주원,F,1987-05-02,경기,수원시 팔달구,2026-07-23,37.274171,127.020621
0002685,정현우,M,1986-10-05,경기,용인시 처인구,2026-07-24,37.229042,127.191202
0002686,박지우,M,1996-03-28,경기,수원시 장안구,2026-07-24,37.306242,126.992752
0002687,최서연,F,1983-12-14,경기,수원시 영통구,2026-07-24,37.283275,127.052763
0002688,강예준,M,1986-09-25,경기,수원시 영통구,2026-07-24,37.267028,127.074766
0002689,임지아,F,2004-09-06,경기,용인시 수지구,2026-07-24,37.310122,127.126762
0002690,김수아,M,1999-08-06,경기,수원시 팔달구,2026-07-25,37.255937,127.035345
0002691,오하은,F,2004-01-30,경기,수원시 영통구,2026-07-25,37.265731,127.042537
0002692,송지아,F,1981-05-25,경기,수원시 권선구,2026-07-25,37.245578,126.967523
0002693,조유나,M,1976-03-11,경기,용인시 처인구,2026-07-25,37.231097,127.224632
0002694,최다은,F,2004-12-19,경기,용인시 수지구,2026-07-25,37.324079,127.075715
0002695,윤다은,F,1968-06-16,경기,용인시 수지구,2026-07-25,37.330098,127.101619
0002696,류건우,F,1974-07-25,경기,수원시 권선구,2026-07-25,37.271513,126.964531
0002697,류하은,F,1983-10-13,경기,용인시 처인구,2026-07-25,37.197585,127.234968
0002698,권수아,M,1976-12-09,경기,용인시 기흥구,2026-07-25,37.283252,127.112483
0002699,오민준,F,2001-12-22,경기,수원시 권선구,2026-07-25,37.262359,126.956183
0002700,강건우,F,1965-06-18,경기,수원시 팔달구,2026-07-25,37.286655,127.053088
0002701,송시우,M,1980-12-25,경기,수원시 팔달구,2026-07-25,37.258204,127.012973
0002702,안서윤,F,1981-10-24,경기,용인시 처인구,2026-07-25,37.237878,127.213616
0002703,최건우,F,1983-02-26,경기,용인시 처인구,2026-07-25,37.270297,127.208545
0002704,황다은,F,1988-11-02,경기,용인시 기흥구,2026-07-25,37.286108,127.125514
0002705,임채원,M,2003-05-10,경기,화성시,2026-07-26,37.186225,126.832285
0002706,황채원,F,1978-08-17,경기,수원시 장안구,2026-07-26,37.302379,127.014585
0002707,정다은,F,2000-12-17,경기,용인시 기흥구,2026-07-26,37.263159,127.095123
0002708,안준서,F,1996-04-06,경기,용인시 기흥구,2026-07-26,37.270467,127.133336
0002709,류하린,M,1978-06-10,경기,용인시 처인구,2026-07-26,37.258653,127.190624
0002710,한채원,M,1967-02-17,경기,용인시 기흥구,2026-07-26,37.266115,127.104576
0002711,박건우,F,1984-05-28,경기,수원시 영통구,2026-07-26,37.245339,127.039207
0002712,임지호,F,1998-03-09,경기,수원시 영통구,2026-07-26,37.253568,127.046663
0002713,윤지호,M,1992-06-15,경기,수원시 장안구,2026-07-27,37.282678,127.007915
0002714,김도윤,M,1967-03-02,경기,용인시 수지구,2026-07-27,37.342438,127.089054
0002715,오준서,F,1981-12-13,경기,용인시 기흥구,2026-07-27,37.291096,127.120459
0002716,최유나,F,2001-05-18,경기,용인시 처인구,2026-07-27,37.258837,127.193812
0002717,오현우,M,1977-08-04,경기,화성시,2026-07-27,37.217234,126.830435
0002718,권시우,F,1988-05-09,경기,수원시 권선구,2026-07-27,37.275308,126.96238
0002719,안하은,F,1967-01-05,경기,수원시 팔달구,2026-07-27,37.292341,126.990357
0002720,서수아,M,1968-07-04,경기,수원시 영통구,2026-07-27,37.248312,127.061148
0002721,송민준,M,1999-04-23,경기,수원시 권선구,2026-07-27,37.249561,126.976839
0002722,서유나,F,1985-07-30,경기,수원시 영통구,2026-07-27,37.292935,127.040355
0002723,강하은,F,1998-11-26,경기,수원시 장안구,2026-07-27,37.289669,127.005703
0002724,조하은,F,1991-12-07,경기,용인시 수지구,2026-07-27,37.288649,127.086037
0002725,강도윤,M,1984-09-29,경기,수원시 영통구,2026-07-27,37.266184,127.055947
0002726,류도윤,M,1975-04-20,경기,용인시 기흥구,2026-07-28,37.299305,127.136818
0002727,조지우,F,1974-09-18,경기,용인시 기흥구,2026-07-28,37.283464,127.101862
0002728,오서윤,M,1965-08-11,경기,수원시 장안구,2026-07-28,37.293245,127.01266
0002729,최민준,F,1983-07-11,경기,수원시 장안구,2026-07-28,37.282608,127.02528
0002730,신서윤,F,1984-03-25,경기,수원시 팔달구,2026-07-28,37.288805,127.014294
0002731,정하린,F,1989-11-15,경기,수원시 권선구,2026-07-28,37.285792,126.9544
0002732,장지호,M,1978-01-14,경기,수원시 영통구,2026-07-28,37.257177,127.06908
0002733,권지훈,F,1999-04-25,경기,용인시 수지구,2026-07-28,37.311916,127.105612
0002734,최하린,F,1991-04-04,경기,용인시 처인구,2026-07-28,37.21155,127.203149
0002735,오하린,F,1975-08-22,경기,수원시 팔달구,2026-07-28,37.269966,127.029882
0002736,한지훈,F,1995-05-13,경기,용인시 기흥구,2026-07-28,37.271639,127.141345
0002737,조하은,F,1989-05-22,경기,용인시 수지구,2026-07-28,37.334674,127.089314
0002738,오하은,F,1980-05-29,경기,용인시 처인구,2026-07-28,37.207185,127.20248
0002739,최지훈,F,1983-01-05,경기,용인시 처인구,2026-07-28,37.246215,127.202315
0002740,박현우,M,1976-10-26,경기,화성시,2026-07-29,37.23068,126.841449
0002741,장채원,M,1991-12-16,경기,화성시,2026-07-29,37.192583,126.84949
0002742,정지우,M,1999-01-07,경기,용인시 기흥구,2026-07-29,37.264854,127.108725
0002743,최채원,M,1990-02-14,경기,용인시 수지구,2026-07-29,37.32759,127.073585
0002744,한수아,M,1987-06-10,경기,수원시 권선구,2026-07-29,37.245437,126.975408
0002745,강준서,M,1997-08-19,경기,용인시 처인구,2026-07-29,37.227005,127.186545
0002746,서건우,F,2004-05-14,경기,용인시 기흥구,2026-07-29,37.29239,127.123861
0002747,신다은,M,1985-02-11,경기,화성시,2026-07-29,37.200682,126.841411
0002748,송서연,M,1970-04-02,경기,수원시 팔달구,2026-07-29,37.264447,127.022964
0002749,장예준,M,1972-11-20,경기,수원시 영통구,2026-07-30,37.234393,127.02409
0002750,정지훈,M,1984-05-11,경기,용인시 수지구,2026-07-30,37.320119,127.090967
0002751,이지호,M,1977-02-19,경기,용인시 수지구,2026-07-30,37.322315,127.125555
0002752,송다은,F,1981-10-25,경기,용인시 처인구,2026-07-30,37.2208,127.21614
0002753,임건우,M,1984-10-24,경기,수원시 권선구,2026-07-30,37.248609,126.97909
0002754,임수아,M,1979-07-27,경기,화성시,2026-07-30,37.174522,126.830429
0002755,조도윤,F,1967-09-28,경기,용인시 기흥구,2026-07-30,37.265963,127.094828
0002756,한건우,F,2003-02-04,경기,수원시 권선구,2026-07-30,37.270139,126.952652
0002757,임하은,M,1980-07-03,경기,수원시 권선구,2026-07-30,37.248788,126.971318
0002758,신지우,M,1982-01-12,경기,수원시 장안구,2026-07-30,37.291462,127.020308
0002759,최채원,M,1986-03-08,경기,수원시 영통구,2026-07-30,37.237497,127.035052
0002760,오현우,F,1976-04-20,경기,수원시 권선구,2026-07-30,37.277566,126.972184
0002761,박수아,F,1989-05-29,경기,수원시 권선구,2026-07-31,37.266898,126.970834
0002762,류지훈,F,1994-12-01,경기,용인시 처인구,2026-07-31,37.227922,127.204178
0002763,홍주원,F,1971-07-01,경기,수원시 영통구,2026-07-31,37.249237,127.019752
0002764,서하린,F,1990-06-05,경기,용인시 처인구,2026-07-31,37.247001,127.199835
0002765,장현우,F,1990-03-07,경기,수원시 장안구,2026-07-31,37.297834,127.011261
0002766,송건우,M,1994-09-11,경기,화성시,2026-07-31,37.17131,126.831579
0002767,강주원,M,1974-11-24,경기,용인시 처인구,2026-07-31,37.239031,127.195898
0002768,장하린,M,1999-07-31,경기,화성시,2026-07-31,37.209114,126.831544
0002769,김지아,M,1988-11-21,경기,화성시,2026-07-31,37.20817,126.828372
0002770,강시우,F,1981-04-22,경기,용인시 기흥구,2026-07-31,37.295846,127.125143
0002771,윤수아,F,1976-06-26,경기,용인시 수지구,2026-07-31,37.300063,127.071203
0002772,오예준,M,1997-06-05,경기,수원시 영통구,2026-07-31,37.258364,127.043764
0002773,최주원,M,1997-06-14,경기,용인시 기흥구,2026-07-31,37.294657,127.120295
0002774,오유나,F,1976-05-26,경기,용인시 기흥구,2026-07-31,37.302442,127.09864
0002775,권도윤,M,1968-11-09,경기,용인시 기흥구,2026-08-01,37.28865,127.122028
0002776,임지우,F,1978-04-30,경기,수원시 팔달구,2026-08-01,37.279206,127.029648
0002777,김채원,M,1985-08-08,경기,수원시 영통구,2026-08-01,37.272328,127.079818
0002778,홍지훈,M,1971-02-25,경기,화성시,2026-08-01,37.215553,126.826424
0002779,윤시우,M,2004-11-01,경기,수원시 권선구,2026-08-01,37.262286,126.975621
0002780,강준서,M,1979-11-25,경기,수원시 장안구,2026-08-01,37.296928,126.995426
0002781,오도윤,M,1965-09-12,경기,용인시 처인구,2026-08-01,37.232437,127.198799
0002782,류채원,F,1990-09-20,경기,수원시 팔달구,2026-08-01,37.285297,127.018939
0002783,한도윤,F,1996-04-13,경기,수원시 장안구,2026-08-02,37.311531,126.97286
0002784,조지우,F,1969-12-30,경기,수원시 팔달구,2026-08-02,37.288161,127.002295
0002785,안서윤,M,1997-09-15,경기,수원시 팔달구,2026-08-02,37.305292,127.008482
0002786,황준서,M,1970-12-27,경기,용인시 수지구,2026-08-02,37.364826,127.087089
0002787,박준서,M,1998-02-05,경기,수원시 권선구,2026-08-03,37.247691,126.985253
0002788,송지우,M,1998-05-25,경기,용인시 기흥구,2026-08-03,37.279721,127.129604
0002789,안하은,F,1990-03-03,경기,수원시 권선구,2026-08-03,37.238897,126.988463
0002790,송주원,M,2001-03-20,경기,화성시,2026-08-03,37.214057,126.82691
0002791,송예준,F,1990-11-14,경기,수원시 장안구,2026-08-03,37.297326,127.025162
0002792,서건우,F,1985-08-25,경기,용인시 수지구,2026-08-03,37.335515,127.099845
0002793,최주원,F,1994-07-04,경기,수원시 팔달구,2026-08-03,37.27746,127.006568
0002794,한건우,F,1969-08-24,경기,수원시 팔달구,2026-08-03,37.287619,127.015941
0002795,한하린,F,1973-01-25,경기,수원시 영통구,2026-08-03,37.263985,127.039517
0002796,정건우,M,1991-11-22,경기,용인시 처인구,2026-08-03,37.221533,127.19374
0002797,오다은,M,1986-10-08,경기,화성시,2026-08-03,37.189362,126.827908
0002798,최현우,M,1993-10-19,경기,수원시 장안구,2026-08-03,37.300526,126.989814
0002799,김하은,M,1993-09-15,경기,용인시 처인구,2026-08-04,37.240826,127.215094
0002800,한도윤,M,1980-07-23,경기,수원시 영통구,2026-08-04,37.278413,127.048537
0002801,강건우,M,1998-01-19,경기,수원시 권선구,2026-08-04,37.265121,126.989833
0002802,조건우,M,1965-03-18,경기,수원시 팔달구,2026-08-04,37.314524,127.026673
0002803,강지아,F,1988-12-18,경기,용인시 수지구,2026-08-04,37.310909,127.09246
0002804,권지아,M,2001-05-12,경기,수원시 영통구,2026-08-05,37.268335,127.056347
0002805,강다은,F,1988-06-18,경기,화성시,2026-08-05,37.189617,126.839389
0002806,신지훈,M,1997-01-11,경기,수원시 팔달구,2026-08-05,37.278819,127.013517
0002807,홍서연,M,1997-10-19,경기,수원시 팔달구,2026-08-05,37.272695,127.035134
0002808,오예준,F,1972-06-22,경기,수원시 권선구,2026-08-05,37.277019,126.955045
0002809,조하린,M,1976-04-08,경기,수원시 권선구,2026-08-06,37.280082,126.978605
0002810,황지훈,F,1968-09-01,경기,수원시 영통구,2026-08-06,37.238844,127.034625
0002811,오주원,M,1986-12-30,경기,수원시 영통구,2026-08-06,37.258799,127.055927
0002812,윤서윤,F,1976-03-02,경기,수원시 영통구,2026-08-06,37.260432,127.072544
0002813,신지호,M,2000-06-14,경기,수원시 권선구,2026-08-06,37.255575,126.969128
0002814,조현우,F,1974-02-09,경기,용인시 수지구,2026-08-06,37.330829,127.107709
0002815,한지우,M,1999-04-09,경기,화성시,2026-08-06,37.19786,126.815373
0002816,한시우,F,1984-01-24,경기,용인시 기흥구,2026-08-06,37.307193,127.097175
0002817,안하린,F,1997-08-08,경기,화성시,2026-08-06,37.213465,126.836118
0002818,장지호,F,1966-01-11,경기,수원시 권선구,2026-08-06,37.249366,126.975861
0002819,윤민준,M,1987-04-06,경기,용인시 기흥구,2026-08-06,37.277389,127.127303
0002820,장건우,M,1972-01-24,경기,용인시 수지구,2026-08-06,37.321085,127.11554
0002821,김건우,M,1988-05-08,경기,수원시 장안구,2026-08-06,37.274423,127.012648
0002822,조시우,M,1987-09-22,경기,수원시 영통구,2026-08-06,37.273536,127.052809
0002823,정하은,M,1990-07-12,경기,용인시 수지구,2026-08-07,37.316298,127.103401
0002824,박예준,F,2002-04-07,경기,화성시,2026-08-07,37.173302,126.816889
0002825,신현우,M,1992-05-16,경기,용인시 처인구,2026-08-07,37.221094,127.188217
0002826,송시우,M,1985-02-10,경기,수원시 팔달구,2026-08-07,37.290398,127.048455
0002827,오건우,F,1975-12-22,경기,수원시 권선구,2026-08-07,37.286394,126.974885
0002828,김유나,M,1970-04-15,경기,수원시 팔달구,2026-08-07,37.276483,127.019044
0002829,김도윤,F,1985-05-11,경기,수원시 팔달구,2026-08-07,37.286801,127.012109
0002830,한유나,M,1972-03-02,경기,화성시,2026-08-07,37.196686,126.82136
0002831,최준서,F,1981-12-08,경기,용인시 기흥구,2026-08-08,37.296524,127.147695
0002832,한건우,F,1983-07-03,경기,용인시 수지구,2026-08-08,37.317078,127.134271
0002833,서지훈,M,1999-02-12,경기,수원시 장안구,2026-08-08,37.289123,126.996923
0002834,조주원,F,1977-10-16,경기,수원시 팔달구,2026-08-08,37.297962,126.987112
0002835,신시우,M,1967-11-16,경기,수원시 장안구,2026-08-08,37.29909,127.02376
0002836,강현우,M,1997-08-18,경기,수원시 권선구,2026-08-08,37.238579,126.968114
0002837,한주원,M,2004-11-06,경기,수원시 권선구,2026-08-08,37.234257,126.95188
0002838,신현우,F,1978-10-22,경기,수원시 권선구,2026-08-08,37.254911,126.966984
0002839,이도윤,F,1981-04-30,경기,용인시 수지구,2026-08-09,37.330123,127.103432
0002840,임서윤,M,1966-10-02,경기,수원시 장안구,2026-08-09,37.314335,127.011086
0002841,송현우,F,2001-07-18,경기,수원시 영통구,2026-08-09,37.23791,127.056275
0002842,최현우,M,1998-11-08,경기,용인시 기흥구,2026-08-09,37.268997,127.109112
0002843,정하은,M,1978-03-05,경기,수원시 장안구,2026-08-09,37.292944,126.989302
0002844,안현우,F,1994-09-18,경기,용인시 수지구,2026-08-09,37.315945,127.107719
0002845,임채원,F,1994-11-05,경기,용인시 기흥구,2026-08-09,37.302696,127.112896
0002846,이채원,M,1973-09-04,경기,용인시 처인구,2026-08-09,37.224481,127.202731
0002847,송지호,M,1995-03-15,경기,용인시 수지구,2026-08-09,37.335884,127.090466
0002848,오유나,M,1987-12-31,경기,수원시 장안구,2026-08-09,37.273605,126.994909
0002849,안하은,F,1976-06-25,경기,수원시 영통구,2026-08-09,37.255441,127.042225
0002850,신하린,M,1999-08-10,경기,수원시 장안구,2026-08-09,37.28845,127.017363
0002851,조지호,F,1999-10-26,경기,수원시 영통구,2026-08-09,37.24318,127.027292
0002852,송지아,F,1996-05-12,경기,수원시 장안구,2026-08-10,37.304061,126.996443
0002853,송하은,M,1982-09-04,경기,수원시 영통구,2026-08-10,37.285885,127.038812
0002854,홍시우,M,2003-02-28,경기,수원시 권선구,2026-08-10,37.257556,126.950271
0002855,송수아,F,1967-03-26,경기,수원시 권선구,2026-08-10,37.267377,126.957917
0002856,서지아,F,1993-12-02,경기,용인시 수지구,2026-08-10,37.314268,127.08342
0002857,류서연,M,1995-06-13,경기,용인시 처인구,2026-08-10,37.234995,127.233742
0002858,류유나,F,1995-05-01,경기,수원시 장안구,2026-08-10,37.297863,127.016257
0002859,홍현우,M,1999-10-30,경기,수원시 영통구,2026-08-10,37.279514,127.025023
0002860,황서연,M,1977-08-29,경기,용인시 수지구,2026-08-10,37.327137,127.119837
0002861,박하린,F,1986-03-05,경기,수원시 팔달구,2026-08-10,37.299564,127.007435
0002862,최현우,M,1965-10-05,경기,수원시 장안구,2026-08-10,37.327291,127.036029
0002863,류예준,F,1998-10-31,경기,용인시 기흥구,2026-08-10,37.264086,127.112317
0002864,정지우,M,1984-06-19,경기,용인시 기흥구,2026-08-10,37.279919,127.134046
0002865,임하린,F,1990-06-26,경기,용인시 기흥구,2026-08-10,37.275289,127.13543
0002866,홍주원,F,1972-11-11,경기,용인시 수지구,2026-08-10,37.306586,127.124533
0002867,임현우,F,1989-10-24,경기,수원시 장안구,2026-08-10,37.34372,127.043776
0002868,권주원,M,1982-04-01,경기,화성시,2026-08-10,37.222252,126.855219
0002869,조하은,F,1986-02-28,경기,수원시 영통구,2026-08-10,37.254446,127.051501
0002870,송예준,F,1989-04-30,경기,수원시 권선구,2026-08-10,37.255753,126.961862
0002871,정현우,F,1996-03-21,경기,용인시 기흥구,2026-08-11,37.280146,127.121853
0002872,정지호,F,1976-09-06,경기,수원시 영통구,2026-08-11,37.227664,127.059986
0002873,서하은,F,1991-07-17,경기,수원시 권선구,2026-08-11,37.256959,126.970267
0002874,안도윤,F,1975-03-05,경기,수원시 영통구,2026-08-11,37.25196,127.054504
0002875,권지아,F,1981-12-13,경기,화성시,2026-08-11,37.206636,126.809222
0002876,오하린,F,1996-11-02,경기,수원시 권선구,2026-08-11,37.297301,126.968961
0002877,권건우,M,1984-11-30,경기,수원시 장안구,2026-08-11,37.297764,127.029498
0002878,윤지아,M,1982-06-25,경기,수원시 장안구,2026-08-11,37.275916,127.001993
0002879,최수아,F,1965-10-02,경기,수원시 권선구,2026-08-12,37.244943,126.945237
0002880,장주원,F,1976-04-02,경기,화성시,2026-08-12,37.17923,126.834183
0002881,강유나,M,1989-10-13,경기,용인시 기흥구,2026-08-12,37.245709,127.111272
0002882,신지우,M,2000-01-10,경기,수원시 팔달구,2026-08-12,37.264783,127.016954
0002883,정다은,F,1992-01-17,경기,용인시 처인구,2026-08-12,37.237294,127.180401
0002884,김하은,M,1969-11-13,경기,수원시 권선구,2026-08-12,37.260267,126.980589
0002885,오채원,F,1981-01-30,경기,수원시 권선구,2026-08-12,37.258436,126.982482
0002886,황시우,F,1972-03-03,경기,화성시,2026-08-12,37.181366,126.83204
0002887,조채원,F,1986-01-01,경기,용인시 기흥구,2026-08-12,37.272415,127.118366
0002888,정예준,M,2001-10-30,경기,용인시 기흥구,2026-08-12,37.277049,127.116403
0002889,류수아,M,1998-11-12,경기,수원시 영통구,2026-08-12,37.253493,127.04112
0002890,최하은,F,1967-05-10,경기,용인시 기흥구,2026-08-12,37.270042,127.10321
0002891,오민준,F,1965-09-12,경기,용인시 기흥구,2026-08-12,37.308814,127.103945
0002892,안유나,F,1989-03-23,경기,수원시 장안구,2026-08-12,37.302675,127.02368
0002893,김주원,F,1987-07-31,경기,수원시 권선구,2026-08-13,37.271371,126.975185
0002894,강주원,F,1969-06-30,경기,수원시 영통구,2026-08-13,37.27499,127.02278
0002895,이도윤,M,1986-10-03,경기,수원시 영통구,2026-08-13,37.282962,127.042783
0002896,김도윤,M,1995-10-13,경기,수원시 권선구,2026-08-13,37.267107,126.96488
0002897,황하린,F,1969-02-06,경기,화성시,2026-08-13,37.218638,126.844029
0002898,황유나,M,1967-09-14,경기,수원시 권선구,2026-08-13,37.28837,126.973937
0002899,황현우,M,1972-08-10,경기,화성시,2026-08-13,37.187792,126.842912
0002900,박지아,M,1996-08-15,경기,수원시 권선구,2026-08-13,37.285577,126.96054
0002901,최지아,F,1965-09-30,경기,수원시 장안구,2026-08-13,37.30839,127.029394
0002902,임채원,M,1986-10-21,경기,용인시 처인구,2026-08-14,37.228704,127.171628
0002903,신건우,M,1988-07-13,경기,화성시,2026-08-14,37.21441,126.812607
0002904,조현우,M,1978-07-22,경기,수원시 장안구,2026-08-14,37.316865,127.020469
0002905,박수아,F,1995-11-26,경기,용인시 기흥구,2026-08-14,37.262842,127.123972
0002906,이주원,F,1973-07-23,경기,수원시 권선구,2026-08-14,37.2594,126.973429
0002907,조민준,M,1970-04-25,경기,용인시 수지구,2026-08-14,37.340221,127.089836
0002908,박준서,M,1967-03-04,경기,용인시 기흥구,2026-08-14,37.274968,127.118754
0002909,강지훈,M,1985-09-09,경기,수원시 장안구,2026-08-14,37.31541,126.985948
0002910,최준서,M,2001-10-18,경기,수원시 권선구,2026-08-14,37.271151,127.003176
0002911,홍주원,M,1987-04-27,경기,용인시 기흥구,2026-08-14,37.276697,127.130421
0002912,이민준,F,1966-04-05,경기,용인시 수지구,2026-08-15,37.311335,127.068325
0002913,서지우,M,1985-09-10,경기,수원시 영통구,2026-08-15,37.24445,127.063647
0002914,서지호,F,1981-11-27,경기,용인시 수지구,2026-08-15,37.310754,127.088549
0002915,정하린,M,2002-12-21,경기,용인시 처인구,2026-08-15,37.238542,127.212515
0002916,최예준,F,1993-01-29,경기,수원시 영통구,2026-08-15,37.262198,127.038278
0002917,오시우,M,1981-06-23,경기,수원시 권선구,2026-08-16,37.240746,126.963233
0002918,권시우,M,2004-08-10,경기,용인시 기흥구,2026-08-16,37.299215,127.112812
0002919,김하린,F,1995-12-09,경기,수원시 영통구,2026-08-16,37.258571,127.047155
0002920,김지훈,M,1985-01-16,경기,용인시 수지구,2026-08-16,37.310567,127.099118
0002921,안도윤,F,1970-10-18,경기,수원시 팔달구,2026-08-16,37.272067,127.030231
0002922,최하린,F,1965-02-03,경기,용인시 수지구,2026-08-16,37.323579,127.099449
0002923,최지호,F,2000-08-21,경기,용인시 기흥구,2026-08-17,37.298961,127.108911
0002924,한하린,F,1977-08-05,경기,용인시 기흥구,2026-08-17,37.285073,127.114984
0002925,신건우,F,1974-11-07,경기,수원시 권선구,2026-08-17,37.240039,126.976285
0002926,신현우,M,1984-07-26,경기,용인시 수지구,2026-08-17,37.306882,127.11772
0002927,안예준,M,1986-09-13,경기,용인시 기흥구,2026-08-17,37.278756,127.091245
0002928,안도윤,F,1967-06-12,경기,수원시 팔달구,2026-08-17,37.266274,127.004675
0002929,조도윤,F,1985-12-31,경기,수원시 영통구,2026-08-17,37.232595,127.031722
0002930,류지훈,M,1988-02-20,경기,수원시 팔달구,2026-08-17,37.241973,127.014861
0002931,황지훈,F,1968-01-06,경기,용인시 기흥구,2026-08-17,37.292402,127.109305
0002932,강민준,F,1978-11-09,경기,화성시,2026-08-17,37.234951,126.819356
0002933,장다은,F,1979-04-10,경기,용인시 수지구,2026-08-17,37.312456,127.091773
0002934,장주원,M,1969-11-12,경기,용인시 수지구,2026-08-17,37.296059,127.08942
0002935,서하린,F,1987-07-29,경기,수원시 장안구,2026-08-17,37.31615,127.012366
0002936,조주원,F,1970-11-27,경기,수원시 장안구,2026-08-17,37.31001,127.002422
0002937,오수아,F,1985-03-21,경기,수원시 장안구,2026-08-17,37.317591,127.034013
0002938,조서윤,M,1979-08-29,경기,화성시,2026-08-17,37.213739,126.844784
0002939,안지호,F,1983-11-19,경기,용인시 기흥구,2026-08-17,37.275235,127.117801
0002940,이현우,F,1989-04-13,경기,수원시 권선구,2026-08-17,37.244772,126.9851
0002941,최서윤,M,1965-03-29,경기,용인시 수지구,2026-08-17,37.296977,127.07787
0002942,박하은,F,2002-10-09,경기,수원시 장안구,2026-08-17,37.283293,126.989689
0002943,최다은,M,1984-02-05,경기,수원시 팔달구,2026-08-18,37.287586,127.015493
0002944,서예준,M,1991-06-04,경기,화성시,2026-08-18,37.215388,126.812979
0002945,신지우,M,1979-10-25,경기,수원시 영통구,2026-08-18,37.233407,127.026047
0002946,정서윤,M,1988-03-12,경기,수원시 영통구,2026-08-18,37.262929,127.046761
0002947,류시우,M,1993-06-26,경기,수원시 장안구,2026-08-18,37.293057,126.989854
0002948,황서윤,F,1987-07-13,경기,수원시 팔달구,2026-08-18,37.289332,127.023417
0002949,조다은,F,1979-05-07,경기,용인시 수지구,2026-08-18,37.336096,127.103041
0002950,서채원,F,1983-09-13,경기,용인시 수지구,2026-08-18,37.32496,127.127811
0002951,신채원,M,1990-10-01,경기,용인시 기흥구,2026-08-18,37.291018,127.088291
0002952,윤하린,M,2002-10-09,경기,수원시 영통구,2026-08-18,37.251257,127.071818
0002953,황준서,F,1967-06-22,경기,수원시 팔달구,2026-08-18,37.275274,127.031823
0002954,안지호,M,1981-03-16,경기,용인시 수지구,2026-08-18,37.301703,127.080695
0002955,장지훈,F,2003-10-29,경기,수원시 장안구,2026-08-19,37.303468,127.018368
0002956,한현우,M,1989-12-07,경기,수원시 영통구,2026-08-19,37.262705,127.032731
0002957,권채원,F,1986-07-31,경기,수원시 권선구,2026-08-19,37.26226,126.985807
0002958,한도윤,F,1985-08-14,경기,용인시 수지구,2026-08-19,37.318204,127.120153
0002959,송지호,F,2002-05-28,경기,수원시 영통구,2026-08-19,37.275778,127.039855
0002960,장주원,F,1971-08-23,경기,화성시,2026-08-19,37.202863,126.838615
0002961,장예준,F,1993-05-23,경기,수원시 장안구,2026-08-19,37.300119,127.015001
0002962,조수아,M,1988-09-18,경기,수원시 권선구,2026-08-19,37.229121,126.984999
0002963,박지아,F,1987-09-26,경기,용인시 기흥구,2026-08-19,37.282455,127.128495
0002964,최건우,M,1970-11-06,경기,화성시,2026-08-19,37.216421,126.844977
0002965,황지아,M,1981-02-23,경기,용인시 기흥구,2026-08-19,37.290947,127.087163
0002966,홍하린,F,1986-07-29,경기,용인시 수지구,2026-08-19,37.303898,127.07601
0002967,류지우,M,1997-11-14,경기,수원시 영통구,2026-08-20,37.260061,127.053879
0002968,서지아,F,1969-11-10,경기,수원시 팔달구,2026-08-20,37.279985,127.037896
0002969,조현우,M,1987-01-18,경기,수원시 영통구,2026-08-20,37.262353,127.051132
0002970,송건우,F,1984-07-14,경기,용인시 기흥구,2026-08-20,37.274311,127.121577
0002971,권도윤,M,1996-11-23,경기,수원시 영통구,2026-08-20,37.255839,127.025009
0002972,한채원,F,1984-10-21,경기,화성시,2026-08-21,37.214211,126.831096
0002973,임유나,M,1988-08-06,경기,화성시,2026-08-21,37.230276,126.828771
0002974,신수아,F,1999-10-14,경기,용인시 기흥구,2026-08-21,37.272351,127.113359
0002975,오예준,F,1998-10-10,경기,수원시 영통구,2026-08-21,37.255846,127.048848
0002976,강채원,F,2002-03-22,경기,수원시 권선구,2026-08-21,37.276059,126.973296
0002977,윤준서,M,1982-03-27,경기,용인시 기흥구,2026-08-21,37.285504,127.113787
0002978,조건우,F,1974-07-20,경기,수원시 팔달구,2026-08-21,37.273162,127.036148
0002979,홍주원,F,1969-12-24,경기,수원시 영통구,2026-08-21,37.25588,127.055612
0002980,장예준,F,1996-06-11,경기,수원시 장안구,2026-08-21,37.295215,127.006379
0002981,조시우,F,1969-01-07,경기,용인시 수지구,2026-08-21,37.310423,127.07421
0002982,조지우,F,1976-01-06,경기,화성시,2026-08-21,37.240669,126.831777
0002983,신건우,M,1992-09-12,경기,수원시 팔달구,2026-08-21,37.290042,127.018643
0002984,류서연,M,1972-02-25,경기,수원시 영통구,2026-08-21,37.251983,127.047137
0002985,최하은,M,1974-12-13,경기,용인시 기흥구,2026-08-21,37.277948,127.106304
0002986,정도윤,M,1987-01-14,경기,용인시 수지구,2026-08-21,37.353556,127.085162
0002987,조서윤,M,1975-10-02,경기,수원시 장안구,2026-08-21,37.274037,127.023859
0002988,조지호,F,1970-01-19,경기,수원시 장안구,2026-08-21,37.320489,127.011429
0002989,신예준,F,1978-05-17,경기,수원시 권선구,2026-08-22,37.26674,127.00665
0002990,홍서연,F,2002-04-23,경기,수원시 권선구,2026-08-22,37.219046,126.970053
0002991,임예준,M,1973-10-10,경기,용인시 기흥구,2026-08-22,37.26848,127.12024
0002992,서예준,F,1972-07-07,경기,용인시 처인구,2026-08-22,37.223502,127.23491
0002993,송하린,M,1992-02-08,경기,화성시,2026-08-22,37.182294,126.849067
0002994,정다은,F,1967-03-05,경기,용인시 처인구,2026-08-22,37.23277,127.195002
0002995,정서윤,M,1988-08-26,경기,수원시 권선구,2026-08-22,37.261466,126.978068
0002996,윤도윤,M,1972-06-11,경기,용인시 기흥구,2026-08-22,37.277947,127.105688
0002997,황주원,M,1969-05-07,경기,용인시 수지구,2026-08-22,37.326645,127.093349
0002998,최지호,F,1999-09-21,경기,용인시 수지구,2026-08-22,37.306039,127.119639
0002999,정서윤,M,1983-12-17,경기,용인시 처인구,2026-08-22,37.224927,127.190509
0003000,류서윤,M,1978-01-20,경기,화성시,2026-08-22,37.212767,126.823806
0003001,조현우,F,1966-10-16,경기,수원시 장안구,2026-08-22,37.305762,126.975589
0003002,윤서연,M,1966-03-22,경기,수원시 장안구,2026-08-22,37.303436,127.008424
0003003,류예준,M,1990-08-16,경기,화성시,2026-08-22,37.173499,126.862796
0003004,한서윤,F,1994-01-30,경기,수원시 권선구,2026-08-22,37.250518,126.965093
0003005,이도윤,F,2003-10-24,경기,용인시 기흥구,2026-08-22,37.267837,127.115998
0003006,강서윤,M,1988-11-13,경기,용인시 기흥구,2026-08-22,37.278537,127.12934
0003007,한서윤,F,1976-06-01,경기,수원시 팔달구,2026-08-22,37.26397,127.020682
0003008,최다은,M,1978-08-09,경기,수원시 영통구,2026-08-22,37.255513,127.022239
0003009,강서연,F,1977-12-02,경기,수원시 영통구,2026-08-23,37.243754,127.044421
0003010,조주원,F,1980-09-16,경기,용인시 수지구,2026-08-23,37.321277,127.088226
0003011,류지호,F,1987-09-08,경기,수원시 팔달구,2026-08-23,37.282916,127.035389
0003012,임다은,F,1975-01-08,경기,수원시 팔달구,2026-08-23,37.283811,127.014055
0003013,임현우,M,2001-05-09,경기,용인시 수지구,2026-08-23,37.357909,127.102282
0003014,황지호,F,1981-04-15,경기,화성시,2026-08-23,37.197481,126.846769
0003015,안현우,F,1997-06-30,경기,수원시 팔달구,2026-08-23,37.294557,126.99941
0003016,서수아,F,1989-05-27,경기,용인시 수지구,2026-08-23,37.311465,127.115992
0003017,임지우,F,1986-07-03,경기,수원시 영통구,2026-08-24,37.234104,127.049412
0003018,홍준서,F,1996-05-24,경기,수원시 장안구,2026-08-24,37.332675,126.982612
0003019,조준서,M,1988-06-05,경기,수원시 영통구,2026-08-24,37.268993,127.05417
0003020,송채원,M,1969-11-28,경기,수원시 권선구,2026-08-24,37.249119,126.9433
0003021,강시우,M,1987-12-15,경기,수원시 장안구,2026-08-24,37.293124,127.027841
0003022,서지훈,F,2000-05-13,경기,수원시 영통구,2026-08-24,37.254589,127.023185
0003023,서지아,M,1980-07-01,경기,수원시 팔달구,2026-08-24,37.298178,126.983831
0003024,윤하은,F,1998-07-07,경기,수원시 장안구,2026-08-24,37.294747,127.025316
0003025,조준서,M,1969-07-08,경기,수원시 팔달구,2026-08-24,37.254265,126.998273
0003026,권민준,M,1975-09-18,경기,수원시 장안구,2026-08-24,37.31274,126.965471
0003027,안지호,F,1986-06-06,경기,수원시 영통구,2026-08-24,37.271496,127.032688
0003028,권수아,F,1988-02-08,경기,수원시 영통구,2026-08-24,37.27903,127.073377
0003029,윤지우,F,1977-01-20,경기,용인시 수지구,2026-08-24,37.320063,127.10852
0003030,임지아,M,1998-05-06,경기,용인시 처인구,2026-08-25,37.255773,127.206077
0003031,조지우,M,1974-11-02,경기,수원시 팔달구,2026-08-25,37.297355,127.038308
0003032,안도윤,F,1978-06-15,경기,화성시,2026-08-25,37.230844,126.800594
0003033,장서연,F,1994-04-12,경기,수원시 영통구,2026-08-25,37.269506,127.04684
0003034,서민준,F,1995-04-28,경기,용인시 수지구,2026-08-25,37.315299,127.089155
0003035,최도윤,M,1994-07-21,경기,수원시 장안구,2026-08-25,37.295782,127.000131
0003036,황예준,M,1976-08-08,경기,용인시 기흥구,2026-08-26,37.295881,127.112655
0003037,정채원,M,1996-11-26,경기,수원시 장안구,2026-08-26,37.296729,127.029623
0003038,윤지우,F,1988-12-17,경기,용인시 기흥구,2026-08-26,37.298232,127.134569
0003039,신서윤,M,1999-10-19,경기,용인시 기흥구,2026-08-26,37.269861,127.110562
0003040,권현우,M,1975-09-20,경기,용인시 수지구,2026-08-26,37.343725,127.110609
0003041,송도윤,F,2000-02-04,경기,용인시 기흥구,2026-08-26,37.289215,127.132406
0003042,권민준,F,1998-04-08,경기,수원시 권선구,2026-08-26,37.265786,126.996982
0003043,박지훈,M,1973-03-15,경기,수원시 영통구,2026-08-26,37.227995,127.050306
0003044,류하린,M,1988-02-22,경기,용인시 처인구,2026-08-26,37.220625,127.218521
0003045,조유나,F,1989-02-28,경기,용인시 수지구,2026-08-26,37.309512,127.10031
0003046,이시우,F,1988-11-06,경기,용인시 기흥구,2026-08-26,37.273889,127.099428
0003047,최유나,M,2000-09-19,경기,용인시 처인구,2026-08-27,37.224589,127.168826
0003048,최지아,M,1974-10-16,경기,용인시 처인구,2026-08-27,37.236672,127.195525
0003049,서지호,M,1992-03-09,경기,수원시 팔달구,2026-08-27,37.281036,127.014113
0003050,조하린,F,2004-06-05,경기,수원시 권선구,2026-08-27,37.234024,127.009324
0003051,정지호,F,1990-06-06,경기,용인시 수지구,2026-08-27,37.292846,127.087451
0003052,강도윤,M,1978-12-17,경기,용인시 수지구,2026-08-27,37.318482,127.082316
0003053,윤다은,M,1965-06-02,경기,수원시 권선구,2026-08-27,37.25426,126.972347
0003054,장유나,F,1970-04-19,경기,용인시 처인구,2026-08-27,37.203997,127.219265
0003055,한민준,M,1981-09-21,경기,용인시 기흥구,2026-08-27,37.279206,127.127536
0003056,서다은,F,1981-06-22,경기,용인시 수지구,2026-08-27,37.333892,127.120709
0003057,권지아,M,1967-12-31,경기,화성시,2026-08-27,37.194015,126.794451
0003058,이다은,F,1968-01-26,경기,용인시 기흥구,2026-08-27,37.303337,127.092606
0003059,최지훈,F,1976-04-22,경기,수원시 영통구,2026-08-27,37.259702,127.047388
0003060,오하은,M,1981-12-20,경기,수원시 장안구,2026-08-27,37.294847,127.027469
0003061,이예준,M,1994-11-30,경기,용인시 수지구,2026-08-27,37.320962,127.084978
0003062,서지우,F,1994-07-29,경기,수원시 영통구,2026-08-27,37.240169,127.049706
0003063,홍수아,M,1969-01-04,경기,용인시 기흥구,2026-08-28,37.284348,127.127703
0003064,윤다은,M,1969-10-20,경기,용인시 기흥구,2026-08-28,37.283117,127.128871
0003065,임예준,M,1991-10-21,경기,수원시 장안구,2026-08-28,37.319236,127.045339
0003066,한도윤,F,1965-12-26,경기,용인시 기흥구,2026-08-28,37.2682,127.100161
0003067,황수아,F,1972-01-15,경기,화성시,2026-08-28,37.197721,126.828987
0003068,장유나,F,1980-01-23,경기,수원시 영통구,2026-08-28,37.252152,127.036424
0003069,서유나,M,2003-06-15,경기,용인시 기흥구,2026-08-28,37.298121,127.129691
0003070,신건우,F,1981-09-08,경기,용인시 처인구,2026-08-28,37.259845,127.164811
0003071,홍지훈,F,2003-03-19,경기,수원시 팔달구,2026-08-28,37.314943,127.023132
0003072,이하린,M,1978-10-03,경기,수원시 영통구,2026-08-28,37.244788,127.022295
0003073,송하은,M,1996-05-01,경기,수원시 권선구,2026-08-28,37.260595,126.959296
0003074,류지우,F,2004-02-22,경기,용인시 수지구,2026-08-28,37.34285,127.121592
0003075,윤예준,F,1977-10-22,경기,화성시,2026-08-28,37.195195,126.845844
0003076,안현우,F,1969-09-28,경기,용인시 기흥구,2026-08-28,37.281849,127.13661
0003077,송시우,M,1981-02-16,경기,수원시 권선구,2026-08-29,37.273727,126.997074
0003078,안지훈,F,1999-07-28,경기,용인시 처인구,2026-08-29,37.224591,127.222767
0003079,한채원,F,1995-08-07,경기,화성시,2026-08-29,37.178538,126.822146
0003080,강지호,M,1983-03-22,경기,용인시 처인구,2026-08-29,37.232166,127.204173
0003081,서서윤,F,2001-08-19,경기,수원시 권선구,2026-08-29,37.274181,126.983102
0003082,이유나,M,1988-05-26,경기,수원시 권선구,2026-08-29,37.256786,126.969664
0003083,송서윤,F,1971-06-09,경기,수원시 영통구,2026-08-29,37.254314,127.019076
0003084,황건우,F,1965-10-18,경기,용인시 기흥구,2026-08-30,37.310025,127.127694
0003085,강주원,M,1970-01-25,경기,용인시 수지구,2026-08-30,37.330071,127.116443
0003086,윤다은,F,1966-03-30,경기,수원시 장안구,2026-08-30,37.32406,127.011786
0003087,최건우,F,1986-02-06,경기,수원시 장안구,2026-08-30,37.311853,126.994051
0003088,신지아,F,1973-08-26,경기,수원시 영통구,2026-08-30,37.247079,127.051663
0003089,최도윤,M,1992-02-28,경기,용인시 기흥구,2026-08-30,37.285162,127.09745
0003090,류하린,M,1992-10-31,경기,용인시 수지구,2026-08-30,37.34767,127.100655
0003091,황채원,F,1983-08-19,경기,수원시 장안구,2026-08-30,37.324356,127.00431
0003092,홍주원,M,1970-03-22,경기,용인시 처인구,2026-08-30,37.248885,127.183496
0003093,한현우,M,1983-01-20,경기,용인시 수지구,2026-08-30,37.298829,127.127005
0003094,박준서,M,1980-02-01,경기,화성시,2026-08-30,37.181359,126.810772
0003095,이서연,F,2002-11-16,경기,화성시,2026-08-30,37.187017,126.828042
0003096,송지호,F,1986-10-15,경기,용인시 수지구,2026-08-30,37.335038,127.105129
0003097,박지훈,F,1969-09-26,경기,수원시 권선구,2026-08-31,37.255294,126.975972
0003098,황지우,F,1996-12-31,경기,용인시 수지구,2026-08-31,37.34459,127.100315
0003099,류다은,M,1994-01-22,경기,용인시 수지구,2026-08-31,37.317154,127.077725
0003100,김지우,F,2002-04-03,경기,수원시 권선구,2026-08-31,37.255968,126.950131
0003101,박지훈,F,1983-08-14,경기,수원시 팔달구,2026-08-31,37.268369,127.040302
0003102,이예준,M,1988-05-26,경기,용인시 기흥구,2026-08-31,37.318104,127.123381
0003103,홍건우,M,1976-09-26,경기,수원시 영통구,2026-08-31,37.238963,127.045329
0003104,오채원,M,1975-10-23,경기,수원시 팔달구,2026-08-31,37.268383,127.009249
0003105,장지호,M,2001-07-08,경기,화성시,2026-08-31,37.188336,126.801929
0003106,이준서,F,1977-11-02,경기,수원시 영통구,2026-08-31,37.228698,127.024657
0003107,장유나,M,1978-06-03,경기,용인시 처인구,2026-08-31,37.240503,127.196139
0003108,정서연,M,1967-07-10,경기,화성시,2026-08-31,37.201788,126.852788
0003109,강현우,M,1971-10-20,경기,화성시,2026-08-31,37.214836,126.832132
T000001,테스트계정1,M,1990-01-01,경기,수원시 영통구,2025-08-25,37.259,127.047
T000002,테스트계정2,F,1990-01-01,경기,수원시 영통구,2025-08-25,37.259,127.047
T000003,테스트계정3,M,1990-01-01,경기,수원시 영통구,2025-08-25,37.259,127.047
